buy_conf,sell_conf,total_trade,buy_trade,sell_trade,win,loss,winrate,profit_factor,max_drawdown,net_profit,roi,saldo_akhir,score
0.7200000000000002,0.5,315,126,189,174,141,55.23809523809524,1.706316895205918,6.378323303343207,20190.32074359501,201.9032074359501,30190.32074359501,146.68487995945955
0.7100000000000002,0.5,317,128,189,174,143,54.889589905362776,1.6645214786953475,7.314540070309798,19589.53336079744,195.8953336079744,29589.53336079744,142.23291071662547
0.5800000000000001,0.5,373,197,176,202,171,54.15549597855228,1.589379469294222,11.088294875766477,23510.39819122391,235.10398191223908,33510.39819122391,141.04128082984312
0.6900000000000002,0.5,318,130,188,174,144,54.71698113207547,1.6485597822686298,7.3145400703098,19293.638027189467,192.93638027189465,29293.638027189467,140.91634780569714
0.6800000000000002,0.5,321,133,188,175,146,54.51713395638629,1.6440007722374048,8.241394669606688,19129.870772052942,191.29870772052942,29129.870772052942,138.91624740738519
0.7000000000000002,0.5,317,128,189,174,143,54.889589905362776,1.6580262196788578,9.561792499119553,19589.533360797443,195.8953336079744,29589.533360797443,138.60222171275126
0.6700000000000002,0.5,322,134,188,175,147,54.347826086956516,1.642170560676146,8.24139466960668,18838.5720643324,188.385720643324,28838.5720643324,138.17578759477888
0.6100000000000001,0.5,344,158,186,184,160,53.48837209302325,1.5894317335268533,7.009847123916671,18832.679482846055,188.32679482846055,28832.679482846055,137.4720436674029
0.6200000000000001,0.5,339,151,188,182,157,53.687315634218294,1.5860120425009552,7.529712293176488,18866.205856630364,188.66205856630364,28866.205856630364,136.72198279064335
0.7700000000000002,0.5,297,108,189,162,135,54.54545454545454,1.6484495238515022,7.725530557207988,16947.48653894618,169.47486538946183,26947.48653894618,135.51738546886776
0.7300000000000002,0.5,311,122,189,168,143,54.019292604501615,1.6272868135364795,7.725530557207978,17124.951374649572,171.24951374649572,27124.951374649572,134.7627257571972
0.5,0.52,442,378,64,230,212,52.03619909502263,1.4751260869564227,11.688047643447423,23302.634456196167,233.02634456196168,33302.63445619617,134.09634047298943
0.7600000000000002,0.5,299,110,189,162,137,54.18060200668896,1.6262046728395436,7.725530557208001,16411.231556821145,164.11231556821144,26411.231556821145,133.3726551947565
0.7900000000000003,0.5,288,99,189,157,131,54.513888888888886,1.641721874211279,8.241394669606702,16091.749201576156,160.91749201576155,26091.749201576156,132.74722581163786
0.6000000000000001,0.5,350,165,185,185,165,52.85714285714286,1.5261213058374636,7.0098471239166145,17819.917333124555,178.19917333124556,27819.917333124555,132.59848764244418
0.7800000000000002,0.5,291,102,189,158,133,54.29553264604811,1.628191634870944,7.725530557207998,15945.882233994795,159.45882233994794,25945.882233994795,132.57890035003942
0.53,0.5,434,299,135,224,210,51.61290322580645,1.4740306805120034,9.999608918283055,21148.637411262916,211.48637411262916,31148.637411262916,132.0655402784846
0.6600000000000001,0.5,324,136,188,174,150,53.70370370370371,1.6015676419479286,9.369871018542293,17579.37870633715,175.7937870633715,27579.37870633715,132.01850841462985
0.53,0.54,376,337,39,197,179,52.3936170212766,1.5381040933672474,8.86035116615067,18759.865806256523,187.59865806256525,28759.865806256523,131.95017710861526
0.5900000000000001,0.5,361,179,182,190,171,52.63157894736842,1.5134387636822257,7.939748652677434,18160.560371030533,181.60560371030533,28160.560371030533,131.26483778401814
0.6400000000000001,0.5,331,143,188,179,152,54.0785498489426,1.5999529108907686,11.959422607869397,19062.244856935333,190.62244856935334,29062.244856935333,131.22274716216862
0.7500000000000002,0.5,304,115,189,163,141,53.61842105263158,1.5998518142632043,7.832701841465142,15740.93329799741,157.4093329799741,25740.93329799741,130.53609693064107
0.5,0.53,438,398,40,225,213,51.369863013698634,1.4560765757509824,9.876542379818245,20664.754710791036,206.64754710791038,30664.754710791036,130.44269038874333
0.7400000000000002,0.5,309,120,189,166,143,53.72168284789643,1.6208734704643786,9.790183980952682,16349.917048514882,163.49917048514882,26349.917048514882,129.7103383681241
0.5800000000000001,0.54,256,210,46,140,116,54.6875,1.642689158671578,7.333478477662989,13711.699948769874,137.11699948769873,23711.699948769874,129.4744985279084
0.51,0.52,435,364,71,223,212,51.26436781609195,1.4702964013015056,10.276172308356832,20089.473217798957,200.89473217798957,30089.473217798957,129.20872793316886
0.7200000000000002,0.54,176,126,50,99,77,56.25,1.760964104670667,5.96133235533633,9368.720145328447,93.68720145328447,19368.720145328447,128.35900594447907
0.51,0.53,425,379,46,217,208,51.05882352941177,1.4658709406265316,8.860351166150679,18714.724790949604,187.14724790949603,28714.724790949604,128.30317222244034
0.5700000000000001,0.5,386,214,172,201,185,52.07253886010362,1.494641903385586,9.981215392333837,18693.098869354264,186.93098869354264,28693.098869354264,128.23632021568304
0.54,0.51,409,286,123,212,197,51.83374083129584,1.4493290704690192,10.57016276407175,19829.311389066705,198.29311389066703,29829.311389066705,127.69341186643447
0.7100000000000002,0.54,178,128,50,100,78,56.17977528089888,1.7380123064199637,5.96133235533633,9454.988424855732,94.54988424855732,19454.988424855732,127.57835821395496
0.5,0.51,449,365,84,227,222,50.55679287305123,1.4079611962054197,9.196099996328828,18836.726766532138,188.36726766532138,28836.726766532138,125.47614782331344
0.7200000000000002,0.53,204,126,78,112,92,54.90196078431373,1.65703801659726,5.9613323553363005,10112.31196919889,101.1231196919889,20112.31196919889,125.0151264614406
0.8000000000000003,0.5,280,91,189,149,131,53.214285714285715,1.580254628982853,7.725530557208011,13235.088527048574,132.35088527048575,23235.088527048574,124.69920923474211
0.51,0.55,410,384,26,211,199,51.463414634146346,1.4931543941149745,12.34981652506674,18815.0089615851,188.15008961585102,28815.0089615851,124.56317621724226
0.7100000000000002,0.53,206,128,78,113,93,54.85436893203883,1.6401058133243558,6.070552650420812,10201.892206709701,102.01892206709702,20201.8922067097,124.32937243678184
0.51,0.54,416,382,34,214,202,51.442307692307686,1.467362122621858,12.349816525066748,19201.75256386522,192.0175256386522,29201.75256386522,124.29441909115849
0.7000000000000002,0.54,178,128,50,100,78,56.17977528089888,1.7247470175997337,7.832701841465137,9454.988424855736,94.54988424855736,19454.988424855736,124.24069243195254
0.7200000000000002,0.51,276,126,150,146,130,52.89855072463768,1.5714920896664573,6.793465209301,12471.111928669921,124.71111928669923,22471.11192866992,124.06098499236549
0.5900000000000001,0.51,331,186,145,172,159,51.963746223564954,1.4908984967261805,7.009847123916635,14474.369574915894,144.74369574915895,24474.369574915894,124.05178144478654
0.7200000000000002,0.56,151,126,25,84,67,55.62913907284768,1.750457280865364,5.961332355336326,7231.619987470309,72.31619987470309,17231.61998747031,123.35410221297454
0.7200000000000002,0.55,163,126,37,90,73,55.21472392638037,1.7163998547781703,5.961332355336309,7697.2759964257275,76.97275996425728,17697.275996425727,122.71590961416399
0.54,0.5,425,274,151,216,209,50.8235294117647,1.4080995534495733,10.085766833397896,18018.50733593538,180.18507335935382,28018.50733593538,122.64411126563921
0.7100000000000002,0.56,153,128,25,85,68,55.55555555555556,1.7255273047009672,5.961332355336326,7308.369622894497,73.08369622894497,17308.369622894497,122.47361067860096
0.5900000000000001,0.54,236,190,46,127,109,53.813559322033896,1.5857223969957197,7.009847123916618,11070.904307012326,110.70904307012326,21070.904307012326,121.96271346899546
0.7100000000000002,0.55,165,128,37,91,74,55.15151515151515,1.6943933511862623,5.961332355336309,7776.099663713798,77.76099663713798,17776.099663713798,121.96169241763121
0.6800000000000002,0.54,182,133,49,101,81,55.494505494505496,1.705089318133785,8.347966808512341,9152.76228852836,91.5276228852836,19152.76228852836,121.73439983689234
0.53,0.55,365,339,26,187,178,51.23287671232877,1.4663359468537032,8.579423670076306,15130.612919376832,151.3061291937683,25130.612919376832,121.66196656395171
0.7100000000000002,0.51,278,128,150,146,132,52.51798561151079,1.5330287108142913,6.793465209301,12023.93680128938,120.23936801289379,22023.93680128938,121.4378170269543
0.52,0.53,405,354,51,207,198,51.11111111111111,1.443151566766585,11.312831348201941,17466.551276616745,174.66551276616744,27466.551276616745,121.24547375714954
0.5800000000000001,0.55,243,210,33,132,111,54.32098765432099,1.649780308736956,11.088294875766465,12203.827970451595,122.03827970451596,22203.827970451595,120.92691980389225
0.6900000000000002,0.54,179,130,49,99,80,55.3072625698324,1.6699741837184072,7.4221886954670175,8793.449788292022,87.93449788292023,18793.449788292022,120.90621516703601
0.7000000000000002,0.53,206,128,78,113,93,54.85436893203883,1.6302153233480643,8.347966808512322,10201.892206709701,102.01892206709702,20201.8922067097,120.51763160059289
0.7700000000000002,0.54,158,108,50,88,70,55.69620253164557,1.705638712495242,7.422188695466995,7717.854225735733,77.17854225735734,17717.854225735733,120.37607517390344
0.7600000000000002,0.54,160,110,50,88,72,55.00000000000001,1.6669712427349277,5.961332355336293,7365.268926643581,73.65268926643581,17365.26892664358,119.96738902967984
0.5800000000000001,0.56,234,211,23,127,107,54.27350427350427,1.6604802953746665,11.088294875766488,11498.729014398908,114.98729014398907,21498.72901439891,119.92097966688686
0.6500000000000001,0.5,327,139,188,172,155,52.59938837920489,1.5107904604535565,11.959422607869385,15478.31692005043,154.7831692005043,25478.31692005043,119.74881253604148
0.7900000000000003,0.54,149,99,50,83,66,55.70469798657718,1.69995898443061,7.1178496317302855,7155.210679105574,71.55210679105573,17155.210679105574,119.4843552811287
0.7000000000000002,0.55,165,128,37,91,74,55.15151515151515,1.681428649085208,7.314540070309778,7776.099663713801,77.760996637138,17776.0996637138,119.41329276112883
0.6300000000000001,0.5,336,148,188,176,160,52.38095238095239,1.4943709745098837,11.959422607869424,15675.92747731441,156.7592747731441,25675.92747731441,119.37803621369622
0.6800000000000002,0.53,211,133,78,115,96,54.502369668246445,1.6330249328816775,9.158980722910647,10178.428915668388,101.78428915668387,20178.428915668388,119.19056889636114
0.6800000000000002,0.56,157,133,24,87,70,55.4140127388535,1.7206858648570815,8.241394669606676,7462.895944939592,74.62895944939592,17462.89594493959,119.09814084917917
0.7000000000000002,0.51,278,128,150,146,132,52.51798561151079,1.5271721042513808,8.241394669606708,12023.936801289365,120.23936801289365,22023.936801289365,119.0316585739793
0.7800000000000002,0.54,152,102,50,84,68,55.26315789473685,1.6717176284568185,6.59566898300655,7059.303787595611,70.59303787595611,17059.30378759561,118.72538818632256
0.5800000000000001,0.51,346,203,143,177,169,51.15606936416185,1.4446314948203396,8.172236423102788,13797.851473562565,137.97851473562565,23797.851473562565,118.70064278736545
0.52,0.54,395,361,34,202,193,51.13924050632911,1.4485140125788205,12.385631965618272,16862.960257718914,168.62960257718916,26862.960257718914,118.6576533233278
0.7700000000000002,0.53,187,108,79,102,85,54.54545454545454,1.6265877101975035,7.422188695467007,8666.678813547456,86.66678813547456,18666.678813547456,118.53631026452182
0.53,0.6100000000000001,352,349,3,179,173,50.85227272727273,1.478969066036392,8.860351166150672,13532.509573730516,135.32509573730516,23532.509573730516,118.35939140332707
0.53,0.6200000000000001,352,349,3,179,173,50.85227272727273,1.478969066036392,8.860351166150672,13532.509573730516,135.32509573730516,23532.509573730516,118.35939140332707
0.52,0.6400000000000001,375,374,1,189,186,50.4,1.4648838822625705,8.86035116615065,13871.20561648456,138.71205616484562,23871.20561648456,118.24723977424598
0.52,0.6500000000000001,375,374,1,189,186,50.4,1.4648838822625705,8.86035116615065,13871.20561648456,138.71205616484562,23871.20561648456,118.24723977424598
0.52,0.55,388,364,24,196,192,50.51546391752577,1.4325723842739386,9.388389460403857,14874.223204828751,148.74223204828752,24874.22320482875,118.22648954877215
0.53,0.6400000000000001,350,349,1,178,172,50.857142857142854,1.4795125603974293,8.86035116615069,13428.160546655698,134.28160546655698,23428.160546655698,118.17486818855396
0.53,0.6500000000000001,350,349,1,178,172,50.857142857142854,1.4795125603974293,8.86035116615069,13428.160546655698,134.28160546655698,23428.160546655698,118.17486818855396
0.5800000000000001,0.53,279,208,71,148,131,53.04659498207885,1.5363186185591469,10.484469008434319,12900.737755813752,129.0073775581375,22900.737755813752,118.05081423238131
0.6700000000000002,0.54,183,134,49,100,83,54.644808743169406,1.6483308467256905,8.34796680851235,8501.500412957466,85.01500412957466,18501.500412957466,117.73668885375872
0.7600000000000002,0.53,189,110,79,102,87,53.96825396825397,1.5956357223837563,6.487059288350509,8295.211905157877,82.95211905157878,18295.211905157877,117.66939075726722
0.52,0.6000000000000001,376,374,2,189,187,50.26595744680851,1.4594551851444544,8.86035116615068,13632.493560319755,136.32493560319756,23632.493560319755,117.48564650059593
0.52,0.6100000000000001,376,374,2,189,187,50.26595744680851,1.4594551851444544,8.86035116615068,13632.493560319755,136.32493560319756,23632.493560319755,117.48564650059593
0.52,0.6200000000000001,376,374,2,189,187,50.26595744680851,1.4594551851444544,8.86035116615068,13632.493560319755,136.32493560319756,23632.493560319755,117.48564650059593
0.52,0.6300000000000001,376,374,2,189,187,50.26595744680851,1.4594551851444544,8.86035116615068,13632.493560319755,136.32493560319756,23632.493560319755,117.48564650059593
0.53,0.6300000000000001,351,349,2,178,173,50.712250712250714,1.4737281361360464,8.86035116615068,13193.878941189167,131.9387894118917,23193.878941189167,117.40248193471953
0.7000000000000002,0.56,153,128,25,84,69,54.90196078431373,1.678506474085522,7.314540070309766,6888.710749719641,68.88710749719641,16888.71074971964,117.39685074955239
0.53,0.5900000000000001,353,349,4,179,174,50.70821529745042,1.4683663922317287,8.860351166150672,13297.184477993214,132.97184477993213,23297.184477993214,117.39260554475477
0.53,0.6000000000000001,353,349,4,179,174,50.70821529745042,1.4683663922317287,8.860351166150672,13297.184477993214,132.97184477993213,23297.184477993214,117.39260554475477
0.5900000000000001,0.55,222,189,33,118,104,53.153153153153156,1.560246429925368,7.009847123916598,9447.038766865993,94.47038766865992,19447.038766865993,117.3657406214484
0.53,0.53,388,332,56,198,190,51.03092783505154,1.4423215000638339,12.181759145574857,16125.755241126506,161.25755241126507,26125.755241126506,117.18719568396986
0.6900000000000002,0.53,207,130,77,112,95,54.106280193236714,1.5861894852380372,8.241394669606699,9514.956191401678,95.14956191401677,19514.956191401678,117.16853988453316
0.8200000000000003,0.5,255,66,189,135,120,52.94117647058824,1.554449036824861,9.264487140427212,11185.03467577292,111.8503467577292,21185.03467577292,117.12188834919357
0.5700000000000001,0.53,299,230,69,155,144,51.83946488294314,1.4755410514540324,8.36669405592138,12241.855205347896,122.41855205347896,22241.855205347896,116.87504382644659
0.51,0.5,449,345,104,223,226,49.665924276169264,1.3777008456232334,10.27617230835684,16140.103866387064,161.40103866387062,26140.103866387064,116.80694523325283
0.7900000000000003,0.53,178,99,79,97,81,54.49438202247191,1.619204020248876,7.637111008650136,8073.904641367804,80.73904641367804,18073.904641367804,116.7074945909514
0.7300000000000002,0.54,172,122,50,93,79,54.06976744186046,1.6184461517231636,6.59566898300655,7402.120255469312,74.02120255469312,17402.12025546931,116.68346682628558
0.54,0.53,365,301,64,185,180,50.68493150684932,1.4285212742441253,9.264487140427187,13926.752327783703,139.26752327783703,23926.752327783703,116.4400906681163
0.6800000000000002,0.51,282,133,149,147,135,52.12765957446809,1.518683285657258,9.15898072291065,11681.802990627857,116.81802990627857,21681.802990627857,116.4362961104141
0.8400000000000003,0.5,224,35,189,120,104,53.57142857142857,1.5986293607089845,9.666831074819964,10019.037629642025,100.19037629642025,20019.037629642025,116.26871736112778
0.7800000000000002,0.53,181,102,79,98,83,54.14364640883977,1.5977323571889726,7.117849631730272,7972.86175451407,79.72861754514071,17972.86175451407,116.25006655341151
0.6800000000000002,0.55,169,133,36,92,77,54.437869822485204,1.6597998920343595,8.24139466960668,7499.954450824818,74.99954450824818,17499.95445082482,116.2487474898566
0.5900000000000001,0.53,261,189,72,138,123,52.87356321839081,1.5107197439827131,9.071934739731098,11469.371794524515,114.69371794524514,21469.371794524515,116.19641284795631
0.5700000000000001,0.51,360,219,141,184,176,51.11111111111111,1.4356520680569385,10.674030177944227,14549.809007157102,145.49809007157103,24549.809007157102,116.07021102523096
0.7500000000000002,0.54,165,115,50,89,76,53.939393939393945,1.6081652222379652,6.070552650420808,6924.550760946073,69.24550760946073,16924.550760946073,116.03957840547652
0.6900000000000002,0.51,279,130,149,145,134,51.971326164874554,1.4955981302106123,8.241394669606704,11275.044804793743,112.75044804793744,21275.044804793743,115.9975858960392
0.7900000000000003,0.56,124,99,25,68,56,54.83870967741935,1.6710253512116537,5.961332355336324,5262.344078973054,52.62344078973054,15262.344078973054,115.84305851211744
0.5700000000000001,0.54,275,231,44,143,132,52.0,1.500580422618225,8.366694055921439,11086.785398370237,110.86785398370237,21086.785398370237,115.64674661758731
0.6900000000000002,0.55,166,130,36,90,76,54.21686746987952,1.624011963183631,7.314540070309788,7171.64920205588,71.7164920205588,17171.64920205588,115.44040056093206
0.7300000000000002,0.51,272,122,150,140,132,51.470588235294116,1.4857200004294842,6.793465209301,10189.511187250067,101.89511187250066,20189.511187250067,115.35291869537507
0.6000000000000001,0.51,317,170,147,163,154,51.419558359621455,1.4764033850723983,9.7901839809527,12588.210120606887,125.88210120606887,22588.210120606887,115.25705885249138
0.7600000000000002,0.56,135,110,25,73,62,54.074074074074076,1.6365558438060575,5.4326498013567965,5449.2249812551745,54.49224981255174,15449.224981255174,115.24874604975449
0.7900000000000003,0.55,136,99,37,74,62,54.41176470588235,1.6402676948586024,5.961332355336311,5674.783665981518,56.747836659815185,15674.783665981518,115.22415894624385
0.7700000000000002,0.56,133,108,25,73,60,54.88721804511278,1.6812600315855117,7.4221886954670415,5762.906827114755,57.62906827114755,15762.906827114755,115.0865408970058
0.7700000000000002,0.51,258,108,150,134,124,51.93798449612403,1.5025848586053598,7.422188695466995,10057.421428404428,100.57421428404427,20057.42142840443,115.05394640588477
0.54,0.52,386,295,91,194,192,50.259067357512954,1.3850967193714592,9.264487140427219,14163.498361366124,141.63498361366123,24163.498361366124,114.96366846570626
0.7600000000000002,0.55,147,110,37,79,68,53.74149659863946,1.6104705329522386,5.432649801356808,5866.71471532873,58.66714715328729,15866.71471532873,114.87402434603152
0.52,0.5,444,318,126,220,224,49.549549549549546,1.3786998361499576,10.777776956020093,15535.969194457804,155.35969194457803,25535.969194457804,114.82804117565856
0.8500000000000003,0.5,215,26,189,116,99,53.95348837209303,1.6177627807950898,11.070123846332754,9864.96439566142,98.6496439566142,19864.96439566142,114.81199843967381
0.7800000000000002,0.56,127,102,25,69,58,54.330708661417326,1.6394660111799555,5.542484129646966,5177.019333905799,51.77019333905799,15177.019333905799,114.78430725124804
0.6700000000000002,0.56,158,134,24,86,72,54.43037974683544,1.654765484735129,8.241394669606708,6869.095521028266,68.69095521028267,16869.095521028266,114.78190830046937
0.5900000000000001,0.56,213,190,23,115,98,53.990610328638496,1.617243863966518,11.088294875766492,9776.878180246586,97.76878180246585,19776.878180246586,114.6063737698234
0.51,0.51,444,350,94,221,223,49.77477477477478,1.383136498119349,11.977411927008816,16170.499338077709,161.7049933807771,26170.49933807771,114.58772809780353
0.7700000000000002,0.55,145,108,37,79,66,54.48275862068965,1.6508932244036802,7.422188695467042,6188.873293876879,61.88873293876879,16188.873293876879,114.52157183104524
0.54,0.54,348,306,42,176,172,50.57471264367817,1.4395983380678528,9.264487140427214,12758.75368317194,127.58753683171942,22758.75368317194,114.49206650025626
0.7300000000000002,0.53,200,122,78,106,94,53.0,1.5416613812350264,6.595668983006546,8070.211602903946,80.70211602903946,18070.211602903946,114.41337498069913
0.7800000000000002,0.55,139,102,37,75,64,53.956834532374096,1.6122667242503308,5.5424841296469936,5587.1531609055,55.871531609055005,15587.1531609055,114.3296663635408
0.7500000000000002,0.53,194,115,79,103,91,53.09278350515464,1.5499448975377201,6.595668983006492,7830.8924485488715,78.30892448548872,17830.89244854887,114.31246907667413
0.6700000000000002,0.53,211,134,77,113,98,53.55450236966824,1.5700806365831856,9.158980722910597,9211.798477733271,92.11798477733272,19211.79847773327,114.2656025192622
0.6100000000000001,0.51,310,162,148,157,153,50.645161290322584,1.4483171337798562,7.24468325565939,10915.944294564466,109.15944294564466,20915.944294564466,114.22012970199539
0.7600000000000002,0.51,260,110,150,134,126,51.53846153846153,1.4809193313618594,6.793465209301,9658.278741979157,96.58278741979157,19658.278741979157,114.13236369371197
0.7900000000000003,0.51,249,99,150,129,120,51.80722891566265,1.4918967363900677,6.90171903178297,9420.483197343641,94.20483197343641,19420.48319734364,114.06787176044686
0.7200000000000002,0.5700000000000001,146,126,20,78,68,53.42465753424658,1.621370072086228,5.9613323553363395,5638.394160584196,56.38394160584196,15638.394160584196,113.9019214387363
0.51,0.5900000000000001,398,391,7,200,198,50.25125628140703,1.4305223611605042,12.349816525066771,14816.47690996085,148.1647690996085,24816.47690996085,113.45475161944523
0.7800000000000002,0.51,252,102,150,130,122,51.587301587301596,1.479234598338921,6.793465209301,9311.912209209571,93.11912209209572,19311.91220920957,113.39666133167529
0.6700000000000002,0.51,283,134,149,146,137,51.590106007067135,1.4862052699284551,9.158980722910611,10944.544757652631,109.44544757652632,20944.54475765263,113.39388223161113
0.6200000000000001,0.56,181,157,24,97,84,53.591160220994475,1.6183096486193909,8.860351166150684,7537.091599614545,75.37091599614544,17537.091599614545,113.31162250527595
0.6900000000000002,0.56,154,130,24,83,71,53.896103896103895,1.6169498632032717,7.31454007030981,6314.434659767601,63.14434659767601,16314.434659767601,113.2831056902533
0.7100000000000002,0.5700000000000001,148,128,20,79,69,53.37837837837838,1.6021215647092337,5.9613323553363395,5708.047568175429,57.08047568175429,15708.047568175429,113.2481483809049
0.8100000000000003,0.5,268,79,189,139,129,51.865671641791046,1.5004935881803225,9.158980722910604,10508.09698017851,105.0809698017851,20508.09698017851,113.23030222409955
0.5,0.55,427,404,23,212,215,49.64871194379391,1.3528723017181115,10.674030177944255,14892.970848755995,148.92970848755996,24892.970848755995,112.71414447121701
0.55,0.53,335,272,63,169,166,50.44776119402985,1.4018227312667941,8.190999577477596,11841.039387330795,118.41039387330794,21841.039387330795,112.69236925613188
0.6000000000000001,0.54,221,173,48,118,103,53.39366515837104,1.5748472963285578,10.984909165063968,9643.473501884848,96.43473501884849,19643.473501884848,112.50030768850158
0.5,0.5900000000000001,418,411,7,208,210,49.760765550239235,1.3550014239384822,10.67403017794427,14701.386188543616,147.01386188543617,24701.386188543616,112.47216684282972
0.6700000000000002,0.55,170,134,36,91,79,53.529411764705884,1.6004997890853996,8.241394669606695,6904.893906222562,69.04893906222563,16904.89390622256,112.232393253804
0.6000000000000001,0.53,247,172,75,131,116,53.036437246963565,1.5315934817790353,11.482551590980231,10811.76766172954,108.11767661729542,20811.76766172954,112.18166583163193
0.5800000000000001,0.5700000000000001,229,211,18,121,108,52.838427947598255,1.5834456234274163,11.088294875766474,9510.968703071714,95.10968703071714,19510.968703071714,112.14653400338952
0.54,0.55,336,310,26,169,167,50.297619047619044,1.4393754472330391,9.264487140427224,11622.6289934575,116.226289934575,21622.6289934575,112.07235468940524
0.6200000000000001,0.54,206,157,49,110,96,53.398058252427184,1.583070308790214,10.380381174582206,8767.786715965118,87.67786715965119,18767.786715965118,111.98684314787909
0.6200000000000001,0.53,234,156,78,124,110,52.991452991452995,1.5446162687698228,10.881403238410435,9972.562801446878,99.72562801446878,19972.56280144688,111.9033979917975
0.7500000000000002,0.51,265,115,150,135,130,50.943396226415096,1.4527450447404906,6.793465209301,9159.365619208995,91.59365619208995,19159.365619208995,111.71003332729367
0.55,0.52,363,267,96,182,181,50.13774104683195,1.3825520121902122,9.40690411839471,12679.546949595762,126.79546949595762,22679.546949595762,111.61968873262391
0.6000000000000001,0.52,280,171,109,145,135,51.78571428571429,1.4517220159572557,9.68528883887384,11062.294356745773,110.62294356745774,21062.294356745773,111.55839323632816
0.5700000000000001,0.55,260,231,29,133,127,51.153846153846146,1.4749321740063799,7.637111008650123,9181.643952847811,91.81643952847811,19181.64395284781,111.4818314298987
0.7200000000000002,0.52,238,126,112,125,113,52.52100840336135,1.4971452474362463,9.36987101854224,9662.29633630085,96.6229633630085,19662.29633630085,111.41610024391888
0.7300000000000002,0.56,147,122,25,78,69,53.06122448979592,1.5846113157983062,6.595668983006544,5482.0102189783465,54.82010218978347,15482.010218978347,110.98558184027708
0.6000000000000001,0.55,207,172,35,109,98,52.65700483091788,1.544900178876147,8.966204424058857,8129.6153758302935,81.29615375830294,18129.615375830293,110.93443368607713
0.7300000000000002,0.55,159,122,37,84,75,52.83018867924528,1.5642138235934597,6.595668983006578,5900.385919836335,59.00385919836335,15900.385919836335,110.89091564852383
0.5,0.5700000000000001,418,407,11,207,211,49.52153110047847,1.3474215208301705,10.67403017794431,14102.476174510328,141.0247617451033,24102.476174510328,110.85153346555025
0.5,0.5800000000000001,418,409,9,207,211,49.52153110047847,1.3474215208301705,10.67403017794431,14102.476174510328,141.0247617451033,24102.476174510328,110.85153346555025
0.6800000000000002,0.52,245,133,112,128,117,52.244897959183675,1.4834768706109807,9.666831074819969,9726.933907373033,97.26933907373034,19726.933907373033,110.41514500654718
0.6600000000000001,0.54,186,137,49,100,86,53.76344086021505,1.5935667439470595,10.777776956020118,7951.987349192223,79.51987349192223,17951.987349192223,110.36169945234417
0.7500000000000002,0.56,140,115,25,74,66,52.85714285714286,1.569576534262399,6.070552650420815,5057.134647155011,50.571346471550115,15057.134647155011,110.22007311774618
0.7500000000000002,0.55,152,115,37,80,72,52.63157894736842,1.5500269706332996,6.070552650420822,5464.028788924419,54.640287889244185,15464.02878892442,110.13909690123378
0.6000000000000001,0.56,197,173,24,105,92,53.299492385786806,1.5944381541045218,11.088294875766502,8171.801787669989,81.71801787669989,18171.80178766999,110.13843361876451
0.7700000000000002,0.52,221,108,113,115,106,52.03619909502263,1.4675846399289394,7.422188695466985,8249.009413169864,82.49009413169864,18249.009413169864,110.08622092780814
0.6800000000000002,0.5700000000000001,152,133,19,81,71,53.289473684210535,1.6005594498796112,8.347966808512341,5848.2864739825345,58.482864739825345,15848.286473982535,109.84173757248627
0.52,0.5900000000000001,377,372,5,186,191,49.3368700265252,1.3937725195368968,9.388389460403744,11735.305694463557,117.35305694463558,21735.305694463557,109.80736299305997
0.5,0.6000000000000001,417,414,3,206,211,49.40047961630695,1.3400895091330038,10.674030177944312,13755.643775389624,137.55643775389626,23755.643775389624,109.80406245733643
0.5,0.6100000000000001,417,415,2,206,211,49.40047961630695,1.3400895091330038,10.674030177944312,13755.643775389624,137.55643775389626,23755.643775389624,109.80406245733643
0.5,0.6200000000000001,417,415,2,206,211,49.40047961630695,1.3400895091330038,10.674030177944312,13755.643775389624,137.55643775389626,23755.643775389624,109.80406245733643
0.5,0.6300000000000001,417,416,1,206,211,49.40047961630695,1.3400895091330038,10.674030177944312,13755.643775389624,137.55643775389626,23755.643775389624,109.80406245733643
0.5,0.6400000000000001,417,416,1,206,211,49.40047961630695,1.3400895091330038,10.674030177944312,13755.643775389624,137.55643775389626,23755.643775389624,109.80406245733643
0.5,0.6500000000000001,417,416,1,206,211,49.40047961630695,1.3400895091330038,10.674030177944312,13755.643775389624,137.55643775389626,23755.643775389624,109.80406245733643
0.7100000000000002,0.52,240,128,112,126,114,52.5,1.4864720352844094,10.276172308356845,9749.872204182735,97.49872204182735,19749.872204182735,109.79436735720658
0.6200000000000001,0.55,193,157,36,101,92,52.331606217616574,1.5381187431705368,8.153469434071809,7148.2007516431695,71.48200751643171,17148.20075164317,109.7567501878084
0.5700000000000001,0.52,331,226,105,167,164,50.453172205438065,1.3822114735448543,9.388389460403806,11647.771587029678,116.47771587029678,21647.771587029678,109.72800402796688
0.7400000000000002,0.54,170,120,50,91,79,53.529411764705884,1.5958795142498536,9.790183980952666,6904.893906222565,69.04893906222566,16904.893906222565,109.72439829336322
0.7000000000000002,0.52,240,128,112,126,114,52.5,1.4802341089681574,10.27617230835685,9749.872204182728,97.49872204182728,19749.872204182728,109.54485030455649
0.55,0.54,320,278,42,160,160,50.0,1.3910051454053767,8.065459946525753,10361.436424723102,103.61436424723102,20361.436424723102,109.26488874587264
0.6200000000000001,0.51,303,154,149,153,150,50.495049504950494,1.4232605802358846,9.090514058871724,10341.944299299968,103.41944299299968,20341.94429929997,109.22606547220298
0.7400000000000002,0.51,270,120,150,138,132,51.11111111111111,1.4733100063813716,9.790183980952705,9612.641426936952,96.12641426936952,19612.641426936952,109.02796269325526
0.8000000000000003,0.54,141,91,50,75,66,53.191489361702125,1.5762679405446176,7.725530557207995,5276.968813003488,52.769688130034886,15276.968813003488,108.61210409283076
0.53,0.51,426,319,107,209,217,49.06103286384976,1.3510295214890728,11.294706207651355,13359.446380839312,133.59446380839313,23359.446380839312,108.34853074168939
0.51,0.6000000000000001,397,393,4,198,199,49.87405541561713,1.4033439564920684,13.711430097972796,13866.328016305179,138.66328016305178,23866.32801630518,108.23629685314246
0.5,0.56,420,408,12,206,214,49.047619047619044,1.3325144322613063,10.674030177944271,13050.077399616806,130.50077399616805,23050.077399616806,107.91349634657897
0.6600000000000001,0.51,285,136,149,145,140,50.877192982456144,1.4450179944953447,10.27617230835685,10030.032361330192,100.30032361330193,20030.03236133019,107.88512253116697
0.6600000000000001,0.53,214,137,77,113,101,52.80373831775701,1.5263498659334727,11.276577362836385,8641.188851146107,86.41188851146107,18641.188851146107,107.82337545425506
0.7400000000000002,0.53,198,120,78,104,94,52.52525252525253,1.5233460530540137,9.79018398095269,7553.896049768769,75.5389604976877,17553.89604976877,107.61898451289531
0.7000000000000002,0.5700000000000001,148,128,20,78,70,52.702702702702695,1.5577315534048162,7.83270184146512,5327.190116788564,53.27190116788565,15327.190116788564,107.56594095892345
0.7200000000000002,0.6100000000000001,129,126,3,67,62,51.93798449612403,1.5540576080198665,5.961332355336325,4162.422613523597,41.62422613523597,14162.422613523597,107.51414326289937
0.7200000000000002,0.6200000000000001,129,126,3,67,62,51.93798449612403,1.5540576080198665,5.961332355336325,4162.422613523597,41.62422613523597,14162.422613523597,107.51414326289937
0.8000000000000003,0.53,170,91,79,89,81,52.352941176470594,1.51784982491536,7.725530557207996,6095.079372687174,60.950793726871744,16095.079372687174,107.49232649441205
0.7200000000000002,0.6400000000000001,127,126,1,66,61,51.96850393700787,1.5556328930779804,5.961332355336291,4099.622893157457,40.99622893157457,14099.622893157457,107.46681494493363
0.7200000000000002,0.6500000000000001,127,126,1,66,61,51.96850393700787,1.5556328930779804,5.961332355336291,4099.622893157457,40.99622893157457,14099.622893157457,107.46681494493363
0.5800000000000001,0.52,310,205,105,158,152,50.967741935483865,1.4053922617966468,11.482551590980254,11435.673819459687,114.35673819459686,21435.673819459687,107.3470816920568
0.7200000000000002,0.5800000000000001,137,126,11,71,66,51.82481751824818,1.5319039605212381,5.9613323553363164,4416.43108058387,44.1643108058387,14416.43108058387,107.07943080813688
0.7100000000000002,0.6100000000000001,131,128,3,68,63,51.908396946564885,1.5370347291040507,5.961332355336325,4225.502043844219,42.25502043844219,14225.502043844219,106.94459319212841
0.7100000000000002,0.6200000000000001,131,128,3,68,63,51.908396946564885,1.5370347291040507,5.961332355336325,4225.502043844219,42.25502043844219,14225.502043844219,106.94459319212841
0.5900000000000001,0.5700000000000001,208,190,18,109,99,52.40384615384615,1.5358429901590853,11.088294875766504,7948.319222071994,79.48319222071993,17948.319222071994,106.89983881378072
0.7100000000000002,0.6400000000000001,129,128,1,67,62,51.93798449612403,1.5383155149632675,5.961332355336291,4162.422613523586,41.62422613523586,14162.422613523586,106.88445954063545
0.7100000000000002,0.6500000000000001,129,128,1,67,62,51.93798449612403,1.5383155149632675,5.961332355336291,4162.422613523586,41.62422613523586,14162.422613523586,106.88445954063545
0.5800000000000001,0.5900000000000001,220,212,8,112,108,50.90909090909091,1.4678040960024232,7.74438498693112,7124.784320858871,71.24784320858872,17124.78432085887,106.79970045596343
0.7100000000000002,0.5800000000000001,139,128,11,72,67,51.798561151079134,1.516389850306189,5.9613323553363164,4480.641864616795,44.80641864616795,14480.641864616795,106.57415978401623
0.5700000000000001,0.56,252,232,20,126,126,50.0,1.4226202171008795,6.920741790802487,7505.987940114468,75.05987940114468,17505.987940114468,106.53567187806037
0.56,0.5,396,227,169,199,197,50.252525252525245,1.3995382640042333,15.999048118664454,14706.434450916524,147.06434450916524,24706.434450916524,106.52208991026833
0.6800000000000002,0.5800000000000001,144,133,11,75,69,52.083333333333336,1.5382367894726419,7.314540070309783,4823.227562288479,48.23227562288479,14823.227562288479,106.24578326468463
0.6700000000000002,0.52,245,134,111,126,119,51.42857142857142,1.4366373593354906,9.666831074819948,8781.931952974373,87.81931952974374,18781.931952974373,106.24339738142416
0.7200000000000002,0.6300000000000001,128,126,2,66,62,51.5625,1.5346236345189352,5.961332355336314,3958.6266642258906,39.586266642258906,13958.62666422589,106.14145017620473
0.6600000000000001,0.55,173,137,36,91,82,52.601156069364166,1.5441012234053368,9.876542379818245,6402.801652313839,64.0280165231384,16402.80165231384,106.05541670579586
0.7500000000000002,0.52,228,115,113,116,112,50.877192982456144,1.414021522615869,7.2257267010827,7431.923878318863,74.31923878318864,17431.923878318863,106.0247151008765
0.7600000000000002,0.52,223,110,113,115,108,51.569506726457405,1.4450222904483943,8.897592464973917,7885.854125847771,78.85854125847771,17885.85412584777,106.01096453539915
0.6600000000000001,0.56,161,137,24,85,76,52.79503105590062,1.5615926091233536,9.87654237981825,5971.20623872328,59.7120623872328,15971.20623872328,105.98881880060365
0.5900000000000001,0.5900000000000001,198,190,8,101,97,51.010101010101,1.4555580181867087,7.009847123916657,6307.768288500349,63.07768288500348,16307.768288500349,105.82813712364455
0.6700000000000002,0.5700000000000001,153,134,19,80,73,52.28758169934641,1.5385621484288443,8.347966808512336,5309.388501035177,53.09388501035177,15309.388501035177,105.78310357612884
0.6900000000000002,0.52,241,130,111,125,116,51.867219917012456,1.447542548826055,10.814234760198186,9078.306472816392,90.78306472816392,19078.30647281639,105.77057271688395
0.7200000000000002,0.5900000000000001,134,126,8,69,65,51.49253731343284,1.5150774549286243,5.961332355336286,4145.973805648035,41.45973805648035,14145.973805648035,105.69931593215304
0.7100000000000002,0.6300000000000001,130,128,2,67,63,51.53846153846153,1.5184790475221626,5.961332355336314,4020.798387388357,40.20798387388357,14020.798387388357,105.60799091188952
0.8300000000000003,0.5,244,55,189,127,117,52.04918032786885,1.5079153411483193,13.244048814319687,9443.06515609406,94.4306515609406,19443.06515609406,105.36126090057579
0.7700000000000002,0.5700000000000001,128,108,20,67,61,52.34375,1.539482548296776,7.4221886954669944,4305.477387397559,43.05477387397559,14305.47738739756,105.22884866346567
0.6400000000000001,0.51,293,144,149,150,143,51.19453924914675,1.4493305346114758,13.427766202649261,10895.921335425985,108.95921335425984,20895.921335425985,105.2206843759105
0.7100000000000002,0.5900000000000001,136,128,8,70,66,51.470588235294116,1.5001158944455966,5.961332355336286,4208.979972978392,42.08979972978392,14208.979972978392,105.21589130842327
0.7900000000000003,0.52,212,99,113,110,102,51.886792452830186,1.4572758830850518,9.808616540324097,7669.498641272941,76.69498641272942,17669.49864127294,104.8605040218769
0.8000000000000003,0.51,241,91,150,121,120,50.20746887966805,1.4173147144924543,7.725530557207978,7294.2274909296175,72.94227490929617,17294.227490929617,104.79648216557946
0.7600000000000002,0.5700000000000001,130,110,20,67,63,51.53846153846153,1.498101722241347,5.961332355336329,4020.7983873883404,40.2079838738834,14020.79838738834,104.79289790065684
0.7800000000000002,0.52,215,102,113,111,104,51.627906976744185,1.4434725096659426,9.301563302026587,7570.716602338973,75.70716602338973,17570.716602338973,104.74194212664787
0.56,0.53,320,250,70,160,160,50.0,1.3785144813645418,10.777776956020087,10361.436424723113,103.61436424723114,20361.436424723113,104.69678666999778
0.5900000000000001,0.6100000000000001,193,190,3,98,95,50.77720207253886,1.4455321303073596,7.00984712391662,5930.872760646662,59.30872760646662,15930.872760646662,104.55686108398223
0.5900000000000001,0.6200000000000001,193,190,3,98,95,50.77720207253886,1.4455321303073596,7.00984712391662,5930.872760646662,59.30872760646662,15930.872760646662,104.55686108398223
0.5800000000000001,0.6100000000000001,216,213,3,109,107,50.46296296296296,1.4439822898194152,7.7443849869311245,6561.716336065609,65.61716336065608,16561.71633606561,104.49762826599262
0.5800000000000001,0.6200000000000001,216,213,3,109,107,50.46296296296296,1.4439822898194152,7.7443849869311245,6561.716336065609,65.61716336065608,16561.71633606561,104.49762826599262
0.5900000000000001,0.6400000000000001,191,190,1,97,94,50.78534031413613,1.445892068949523,7.009847123916621,5860.231290478894,58.602312904788946,15860.231290478894,104.43404481013184
0.5900000000000001,0.6500000000000001,191,190,1,97,94,50.78534031413613,1.445892068949523,7.009847123916621,5860.231290478894,58.602312904788946,15860.231290478894,104.43404481013184
0.6100000000000001,0.52,272,162,110,137,135,50.36764705882353,1.3950989083058098,9.388389460403845,8756.284608629521,87.56284608629521,18756.28460862952,104.41776488829743
0.5800000000000001,0.5800000000000001,222,212,10,114,108,51.35135135135135,1.5029373564223318,11.088294875766492,7628.47834205379,76.28478342053789,17628.47834205379,104.41768430302679
0.6400000000000001,0.54,194,144,50,104,90,53.608247422680414,1.5655181996772352,14.393031534018155,8273.963109391567,82.73963109391566,18273.963109391567,104.38323061618553
0.7200000000000002,0.6000000000000001,131,126,5,67,64,51.14503816793893,1.4995067012006515,5.961332355336325,3880.5904035144795,38.80590403514479,13880.59040351448,104.37196940602
0.5800000000000001,0.6400000000000001,214,213,1,108,106,50.467289719626166,1.4442449825161014,7.744384986931167,6488.2775478673975,64.88277547867398,16488.277547867398,104.36342177579519
0.5800000000000001,0.6500000000000001,214,213,1,108,106,50.467289719626166,1.4442449825161014,7.744384986931167,6488.2775478673975,64.88277547867398,16488.277547867398,104.36342177579519
0.6400000000000001,0.53,222,143,79,118,104,53.153153153153156,1.5285049786815783,14.871620715505948,9447.038766866,94.47038766866001,19447.038766866,104.30342218431278
0.6900000000000002,0.5700000000000001,149,130,19,77,72,51.67785234899329,1.4993435621016424,7.422188695467007,4806.011268937991,48.06011268937991,14806.011268937991,104.29140815323782
0.6800000000000002,0.6100000000000001,136,133,3,70,66,51.470588235294116,1.5220531863558724,7.314540070309797,4208.979972978397,42.08979972978397,14208.979972978397,104.06357141237405
0.6800000000000002,0.6200000000000001,136,133,3,70,66,51.470588235294116,1.5220531863558724,7.314540070309797,4208.979972978397,42.08979972978397,14208.979972978397,104.06357141237405
0.8500000000000003,0.54,76,26,50,42,34,55.26315789473685,1.6936555198396288,11.669999186459854,3061.1269757228947,30.61126975722895,13061.126975722895,103.99505491270958
0.6800000000000002,0.6400000000000001,134,133,1,69,65,51.49253731343284,1.523111800057561,7.314540070309793,4145.973805648029,41.4597380564803,14145.97380564803,103.99087816485023
0.6800000000000002,0.6500000000000001,134,133,1,69,65,51.49253731343284,1.523111800057561,7.314540070309793,4145.973805648029,41.4597380564803,14145.97380564803,103.99087816485023
0.7900000000000003,0.5700000000000001,119,99,20,62,57,52.10084033613446,1.5199291750410875,7.11784963173028,3851.1963875126294,38.51196387512629,13851.19638751263,103.87320549714057
0.7400000000000002,0.56,145,120,25,76,69,52.41379310344828,1.5564098891085043,9.79018398095266,5039.646684697869,50.3964668469787,15039.64668469787,103.85730951403106
0.7400000000000002,0.55,157,120,37,82,75,52.22929936305732,1.538186818339845,9.790183980952692,5446.068243227372,54.460682432273714,15446.068243227372,103.84898293014817
0.7000000000000002,0.6100000000000001,131,128,3,68,63,51.908396946564885,1.5253937695415383,7.725530557207996,4225.502043844215,42.25502043844215,14225.502043844215,103.83265750682041
0.7000000000000002,0.6200000000000001,131,128,3,68,63,51.908396946564885,1.5253937695415383,7.725530557207996,4225.502043844215,42.25502043844215,14225.502043844215,103.83265750682041
0.7000000000000002,0.6400000000000001,129,128,1,67,62,51.93798449612403,1.5264977060865703,7.725530557208001,4162.422613523577,41.624226135235766,14162.422613523577,103.76544988275998
0.7000000000000002,0.6500000000000001,129,128,1,67,62,51.93798449612403,1.5264977060865703,7.725530557208001,4162.422613523577,41.624226135235766,14162.422613523577,103.76544988275998
0.53,0.52,406,322,84,201,205,49.50738916256158,1.3488750367525195,14.60922226715488,13468.28462640812,134.6828462640812,23468.28462640812,103.73143190346548
0.5900000000000001,0.52,292,186,106,148,144,50.68493150684932,1.3870443818456784,11.585359319731777,10095.87882291272,100.95878822912721,20095.87882291272,103.63795969347957
0.5900000000000001,0.6300000000000001,192,190,2,97,95,50.520833333333336,1.4345154301827607,7.009847123916635,5701.6289775741025,57.01628977574102,15701.628977574102,103.52952114325035
0.5800000000000001,0.6300000000000001,215,213,2,108,107,50.23255813953489,1.4340176194868912,7.744384986931149,6323.394772388716,63.23394772388716,16323.394772388716,103.50719591362379
0.5800000000000001,0.6000000000000001,217,212,5,109,108,50.23041474654379,1.4285364007803352,7.7443849869311245,6396.099172704951,63.96099172704951,16396.09917270495,103.43228426949851
0.55,0.51,390,261,129,191,199,48.97435897435897,1.322347642538681,11.46446113643107,11563.616494016067,115.63616494016067,21563.616494016067,103.31162647211227
0.7100000000000002,0.6000000000000001,133,128,5,68,65,51.127819548872175,1.485093627359316,6.378323303343223,3942.4145531717204,39.4241455317172,13942.41455317172,103.28499902013733
0.6200000000000001,0.52,267,155,112,136,131,50.936329588014985,1.4134884418236646,11.482551590980243,9244.70143367695,92.4470143367695,19244.70143367695,103.27327794783761
0.55,0.55,306,281,25,149,157,48.69281045751634,1.3454747789350268,7.136828228813869,7892.020662429779,78.92020662429779,17892.02066242978,103.244195367798
0.7800000000000002,0.5700000000000001,122,102,20,63,59,51.63934426229508,1.4937879934811205,6.5956689830065525,3773.760720060389,37.73760720060389,13773.760720060389,103.22520983600332
0.7300000000000002,0.52,234,122,112,119,115,50.85470085470085,1.4098262323348225,9.369871018542284,7665.888235031802,76.65888235031801,17665.8882350318,103.0973696629935
0.6200000000000001,0.5700000000000001,176,157,19,91,85,51.70454545454546,1.517277704300852,10.380381174582213,5915.6220404384585,59.156220404384584,15915.622040438458,102.8040532183104
0.6800000000000002,0.6300000000000001,135,133,2,69,66,51.11111111111111,1.503944341529503,7.314540070309819,4004.51406759153,40.0451406759153,14004.51406759153,102.750547246454
0.8400000000000003,0.54,85,35,50,46,39,54.11764705882353,1.6250143234947656,10.48446900843433,3162.429451403177,31.62429451403177,13162.429451403177,102.65755185935726
0.6900000000000002,0.6100000000000001,133,130,3,68,65,51.127819548872175,1.4834681270632004,6.7934652093009795,3942.4145531717168,39.42414553171717,13942.414553171717,102.59726614935606
0.6900000000000002,0.6200000000000001,133,130,3,68,65,51.127819548872175,1.4834681270632004,6.7934652093009795,3942.4145531717168,39.42414553171717,13942.414553171717,102.59726614935606
0.7000000000000002,0.6300000000000001,130,128,2,67,63,51.53846153846153,1.5072403076434875,7.725530557207991,4020.7983873883386,40.207983873883386,14020.798387388339,102.51214401393496
0.6900000000000002,0.6400000000000001,131,130,1,67,64,51.14503816793893,1.4840285001201536,6.793465209301005,3880.5904035144613,38.805904035144614,13880.590403514461,102.50464208185302
0.6900000000000002,0.6500000000000001,131,130,1,67,64,51.14503816793893,1.4840285001201536,6.793465209301005,3880.5904035144613,38.805904035144614,13880.590403514461,102.50464208185302
0.6800000000000002,0.5900000000000001,141,133,8,72,69,51.06382978723404,1.4873835445176655,7.314540070309807,4192.477091510917,41.924770915109164,14192.477091510917,102.44040075188076
0.5900000000000001,0.5800000000000001,200,190,10,103,97,51.5,1.4930837216573007,11.088294875766481,6787.431286412939,67.87431286412938,16787.43128641294,102.41576912546819
0.5900000000000001,0.6000000000000001,195,190,5,98,97,50.256410256410255,1.4136931007450764,7.00984712391662,5613.848392709797,56.13848392709797,15613.848392709797,102.38885525755285
0.6000000000000001,0.5700000000000001,192,173,19,99,93,51.5625,1.5038700955786946,11.088294875766456,6491.647283901759,64.91647283901759,16491.64728390176,102.28690607730161
0.6700000000000002,0.5800000000000001,145,134,11,74,71,51.03448275862069,1.4755099107411316,7.314540070309788,4319.185229448976,43.19185229448976,14319.185229448976,102.20419816238888
0.7000000000000002,0.5900000000000001,136,128,8,70,66,51.470588235294116,1.4898213722722933,7.7255305572080015,4208.979972978372,42.089799729783714,14208.979972978372,102.15781311868352
0.5,0.54,432,403,29,213,219,49.30555555555556,1.3212353031287754,15.935736797444456,14261.204966086967,142.61204966086967,24261.204966086967,102.12099463893604
0.8000000000000003,0.56,116,91,25,60,56,51.724137931034484,1.5165120593041235,7.7255305572079935,3591.34311254965,35.9134311254965,13591.34311254965,102.11694172696949
0.8000000000000003,0.55,128,91,37,66,62,51.5625,1.4995977442735853,7.725530557207969,3958.626664225896,39.58626664225896,13958.626664225896,102.09411726358326
0.6400000000000001,0.55,181,144,37,95,86,52.48618784530387,1.5194103325612744,12.2658280751665,6696.992174436764,66.96992174436764,16696.992174436764,102.0147494612267
0.7300000000000002,0.5700000000000001,142,122,20,72,70,50.70422535211267,1.4589306472391916,6.595668983006579,4050.5523205958034,40.505523205958035,14050.552320595803,101.91693973230574
0.8200000000000003,0.54,116,66,50,61,55,52.58620689655172,1.5232171628764997,9.071934739731082,3929.067395952403,39.29067395952403,13929.067395952403,101.47202264564403
0.6900000000000002,0.6300000000000001,132,130,2,67,65,50.75757575757576,1.46556378301231,6.793465209301003,3741.784499479314,37.41784499479314,13741.784499479314,101.29471038428741
0.52,0.6600000000000001,374,374,0,190,184,50.80213903743316,1.4913702088153131,8.86035116615065,14711.483745010952,147.11483745010952,24711.48374501095,101.18831861212503
0.52,0.6700000000000002,374,374,0,190,184,50.80213903743316,1.4913702088153131,8.86035116615065,14711.483745010952,147.11483745010952,24711.48374501095,101.18831861212503
0.52,0.6800000000000002,374,374,0,190,184,50.80213903743316,1.4913702088153131,8.86035116615065,14711.483745010952,147.11483745010952,24711.48374501095,101.18831861212503
0.52,0.6900000000000002,374,374,0,190,184,50.80213903743316,1.4913702088153131,8.86035116615065,14711.483745010952,147.11483745010952,24711.48374501095,101.18831861212503
0.52,0.7000000000000002,374,374,0,190,184,50.80213903743316,1.4913702088153131,8.86035116615065,14711.483745010952,147.11483745010952,24711.48374501095,101.18831861212503
0.52,0.7100000000000002,374,374,0,190,184,50.80213903743316,1.4913702088153131,8.86035116615065,14711.483745010952,147.11483745010952,24711.48374501095,101.18831861212503
0.52,0.7200000000000002,374,374,0,190,184,50.80213903743316,1.4913702088153131,8.86035116615065,14711.483745010952,147.11483745010952,24711.48374501095,101.18831861212503
0.52,0.7300000000000002,374,374,0,190,184,50.80213903743316,1.4913702088153131,8.86035116615065,14711.483745010952,147.11483745010952,24711.48374501095,101.18831861212503
0.52,0.7400000000000002,374,374,0,190,184,50.80213903743316,1.4913702088153131,8.86035116615065,14711.483745010952,147.11483745010952,24711.48374501095,101.18831861212503
0.52,0.7500000000000002,374,374,0,190,184,50.80213903743316,1.4913702088153131,8.86035116615065,14711.483745010952,147.11483745010952,24711.48374501095,101.18831861212503
0.52,0.7600000000000002,374,374,0,190,184,50.80213903743316,1.4913702088153131,8.86035116615065,14711.483745010952,147.11483745010952,24711.48374501095,101.18831861212503
0.52,0.7700000000000002,374,374,0,190,184,50.80213903743316,1.4913702088153131,8.86035116615065,14711.483745010952,147.11483745010952,24711.48374501095,101.18831861212503
0.52,0.7800000000000002,374,374,0,190,184,50.80213903743316,1.4913702088153131,8.86035116615065,14711.483745010952,147.11483745010952,24711.48374501095,101.18831861212503
0.52,0.7900000000000003,374,374,0,190,184,50.80213903743316,1.4913702088153131,8.86035116615065,14711.483745010952,147.11483745010952,24711.48374501095,101.18831861212503
0.52,0.8000000000000003,374,374,0,190,184,50.80213903743316,1.4913702088153131,8.86035116615065,14711.483745010952,147.11483745010952,24711.48374501095,101.18831861212503
0.52,0.8100000000000003,374,374,0,190,184,50.80213903743316,1.4913702088153131,8.86035116615065,14711.483745010952,147.11483745010952,24711.48374501095,101.18831861212503
0.52,0.8200000000000003,374,374,0,190,184,50.80213903743316,1.4913702088153131,8.86035116615065,14711.483745010952,147.11483745010952,24711.48374501095,101.18831861212503
0.52,0.8300000000000003,374,374,0,190,184,50.80213903743316,1.4913702088153131,8.86035116615065,14711.483745010952,147.11483745010952,24711.48374501095,101.18831861212503
0.52,0.8400000000000003,374,374,0,190,184,50.80213903743316,1.4913702088153131,8.86035116615065,14711.483745010952,147.11483745010952,24711.48374501095,101.18831861212503
0.52,0.8500000000000003,374,374,0,190,184,50.80213903743316,1.4913702088153131,8.86035116615065,14711.483745010952,147.11483745010952,24711.48374501095,101.18831861212503
0.7000000000000002,0.5800000000000001,139,128,11,71,68,51.07913669064749,1.4718833744111028,7.725530557207971,4129.544102080261,41.295441020802606,14129.544102080261,101.08569569011642
0.6900000000000002,0.5900000000000001,138,130,8,70,68,50.72463768115942,1.4511984162423315,6.793465209300999,3926.2212715161168,39.26221271516116,13926.221271516117,101.07250021935369
0.5700000000000001,0.5900000000000001,240,233,7,118,122,49.166666666666664,1.3828615767164099,7.529712293176462,6228.821470403043,62.28821470403043,16228.821470403043,101.06087090303112
0.56,0.51,373,239,134,184,189,49.32975871313673,1.3449248529119848,13.711430097972768,11542.973514389767,115.42973514389767,21542.973514389767,100.98067535486814
0.7500000000000002,0.5700000000000001,135,115,20,68,67,50.37037037037037,1.4382570216042665,6.070552650420842,3664.9605035635977,36.64960503563598,13664.960503563598,100.93955808085178
0.5700000000000001,0.6400000000000001,236,235,1,116,120,49.152542372881356,1.3830150659286564,7.529712293176462,6085.215272390125,60.852152723901256,16085.215272390125,100.7727359286025
0.5700000000000001,0.6500000000000001,236,235,1,116,120,49.152542372881356,1.3830150659286564,7.529712293176462,6085.215272390125,60.852152723901256,16085.215272390125,100.7727359286025
0.5700000000000001,0.5700000000000001,248,233,15,121,127,48.79032258064516,1.3626696631311817,6.920741790802467,6119.350163115956,61.19350163115956,16119.350163115956,100.75953545559807
0.7400000000000002,0.52,232,120,112,117,115,50.43103448275862,1.395205219831267,9.790183980952667,7161.1253104941825,71.61125310494182,17161.125310494182,100.66070068418935
0.6800000000000002,0.6000000000000001,138,133,5,70,68,50.72463768115942,1.4722706761933018,7.832701841465117,3926.2212715161295,39.26221271516129,13926.22127151613,100.35653566914637
0.8200000000000003,0.51,216,66,150,107,109,49.53703703703704,1.3747729347780695,7.3145400703097945,5768.341431518022,57.683414315180215,15768.341431518022,100.32430866721265
0.6200000000000001,0.5800000000000001,168,157,11,85,83,50.595238095238095,1.4622597450670334,8.860351166150709,4886.207899389909,48.86207899389908,14886.207899389909,100.26989789985414
0.56,0.54,300,256,44,148,152,49.333333333333336,1.3662154366295747,10.777776956020118,8543.365563709143,85.43365563709143,18543.365563709143,100.23534982523776
0.56,0.52,348,245,103,171,177,49.137931034482754,1.3217331127034917,11.669999186459892,10130.295893044255,101.30295893044254,20130.295893044255,100.19388303177972
0.51,0.6100000000000001,396,394,2,193,203,48.73737373737374,1.340681645443373,13.711430097972825,11323.185925141872,113.23185925141873,21323.185925141872,100.0751793897463
0.51,0.6200000000000001,396,394,2,193,203,48.73737373737374,1.340681645443373,13.711430097972825,11323.185925141872,113.23185925141873,21323.185925141872,100.0751793897463
0.51,0.6300000000000001,396,395,1,193,203,48.73737373737374,1.340681645443373,13.711430097972825,11323.185925141872,113.23185925141873,21323.185925141872,100.0751793897463
0.51,0.6400000000000001,396,395,1,193,203,48.73737373737374,1.340681645443373,13.711430097972825,11323.185925141872,113.23185925141873,21323.185925141872,100.0751793897463
0.51,0.6500000000000001,396,395,1,193,203,48.73737373737374,1.340681645443373,13.711430097972825,11323.185925141872,113.23185925141873,21323.185925141872,100.0751793897463
0.6900000000000002,0.5800000000000001,141,130,11,71,70,50.35460992907801,1.434379203356923,6.793465209300989,3848.3661744488636,38.483661744488636,13848.366174448864,100.05900763376216
0.6700000000000002,0.6100000000000001,137,134,3,69,68,50.36496350364964,1.4549357964085503,7.314540070309795,3725.8242376464787,37.258242376464786,13725.824237646479,99.85975197799509
0.6700000000000002,0.6200000000000001,137,134,3,69,68,50.36496350364964,1.4549357964085503,7.314540070309795,3725.8242376464787,37.258242376464786,13725.824237646479,99.85975197799509
0.6700000000000002,0.6400000000000001,135,134,1,68,67,50.37037037037037,1.4551358114719075,7.314540070309801,3664.9605035636014,36.649605035636014,13664.960503563601,99.74872854572398
0.6700000000000002,0.6500000000000001,135,134,1,68,67,50.37037037037037,1.4551358114719075,7.314540070309801,3664.9605035636014,36.649605035636014,13664.960503563601,99.74872854572398
0.6900000000000002,0.6000000000000001,135,130,5,68,67,50.37037037037037,1.4357800836543022,6.901719031782968,3664.9605035635996,36.64960503563599,13664.9605035636,99.59373099081002
0.7000000000000002,0.6000000000000001,133,128,5,68,65,51.127819548872175,1.4749065122906382,8.64827525163592,3942.414553171713,39.42414553171713,13942.414553171713,99.47258649495117
0.6100000000000001,0.53,239,162,77,121,118,50.627615062761514,1.4110546315412669,11.790616700809228,7645.370361115816,76.45370361115816,17645.370361115816,99.36080846404923
0.5,0.5,453,350,103,216,237,47.682119205298015,1.267341840265871,11.706092412596252,11146.107885086934,111.46107885086936,21146.107885086934,99.26781036456333
0.6600000000000001,0.52,247,136,111,125,122,50.607287449392715,1.3938105673983423,11.875060073413326,7961.846828345206,79.61846828345206,17961.846828345206,99.16716996720046
0.55,0.5,413,248,165,201,212,48.6682808716707,1.3317337457411254,14.790048717192194,11873.974875093336,118.73974875093336,21873.974875093336,99.16636693987874
0.8500000000000003,0.56,51,26,25,27,24,52.94117647058824,1.570999535046009,8.966204424058857,1619.9921814677928,16.19992181467793,11619.992181467793,99.10124736398178
0.53,0.6600000000000001,349,349,0,178,171,51.00286532951289,1.4890094819865345,8.86035116615069,13664.808632985572,136.64808632985572,23664.808632985572,99.10090246096293
0.53,0.6700000000000002,349,349,0,178,171,51.00286532951289,1.4890094819865345,8.86035116615069,13664.808632985572,136.64808632985572,23664.808632985572,99.10090246096293
0.53,0.6800000000000002,349,349,0,178,171,51.00286532951289,1.4890094819865345,8.86035116615069,13664.808632985572,136.64808632985572,23664.808632985572,99.10090246096293
0.53,0.6900000000000002,349,349,0,178,171,51.00286532951289,1.4890094819865345,8.86035116615069,13664.808632985572,136.64808632985572,23664.808632985572,99.10090246096293
0.53,0.7000000000000002,349,349,0,178,171,51.00286532951289,1.4890094819865345,8.86035116615069,13664.808632985572,136.64808632985572,23664.808632985572,99.10090246096293
0.53,0.7100000000000002,349,349,0,178,171,51.00286532951289,1.4890094819865345,8.86035116615069,13664.808632985572,136.64808632985572,23664.808632985572,99.10090246096293
0.53,0.7200000000000002,349,349,0,178,171,51.00286532951289,1.4890094819865345,8.86035116615069,13664.808632985572,136.64808632985572,23664.808632985572,99.10090246096293
0.53,0.7300000000000002,349,349,0,178,171,51.00286532951289,1.4890094819865345,8.86035116615069,13664.808632985572,136.64808632985572,23664.808632985572,99.10090246096293
0.53,0.7400000000000002,349,349,0,178,171,51.00286532951289,1.4890094819865345,8.86035116615069,13664.808632985572,136.64808632985572,23664.808632985572,99.10090246096293
0.53,0.7500000000000002,349,349,0,178,171,51.00286532951289,1.4890094819865345,8.86035116615069,13664.808632985572,136.64808632985572,23664.808632985572,99.10090246096293
0.53,0.7600000000000002,349,349,0,178,171,51.00286532951289,1.4890094819865345,8.86035116615069,13664.808632985572,136.64808632985572,23664.808632985572,99.10090246096293
0.53,0.7700000000000002,349,349,0,178,171,51.00286532951289,1.4890094819865345,8.86035116615069,13664.808632985572,136.64808632985572,23664.808632985572,99.10090246096293
0.53,0.7800000000000002,349,349,0,178,171,51.00286532951289,1.4890094819865345,8.86035116615069,13664.808632985572,136.64808632985572,23664.808632985572,99.10090246096293
0.53,0.7900000000000003,349,349,0,178,171,51.00286532951289,1.4890094819865345,8.86035116615069,13664.808632985572,136.64808632985572,23664.808632985572,99.10090246096293
0.53,0.8000000000000003,349,349,0,178,171,51.00286532951289,1.4890094819865345,8.86035116615069,13664.808632985572,136.64808632985572,23664.808632985572,99.10090246096293
0.53,0.8100000000000003,349,349,0,178,171,51.00286532951289,1.4890094819865345,8.86035116615069,13664.808632985572,136.64808632985572,23664.808632985572,99.10090246096293
0.53,0.8200000000000003,349,349,0,178,171,51.00286532951289,1.4890094819865345,8.86035116615069,13664.808632985572,136.64808632985572,23664.808632985572,99.10090246096293
0.53,0.8300000000000003,349,349,0,178,171,51.00286532951289,1.4890094819865345,8.86035116615069,13664.808632985572,136.64808632985572,23664.808632985572,99.10090246096293
0.53,0.8400000000000003,349,349,0,178,171,51.00286532951289,1.4890094819865345,8.86035116615069,13664.808632985572,136.64808632985572,23664.808632985572,99.10090246096293
0.53,0.8500000000000003,349,349,0,178,171,51.00286532951289,1.4890094819865345,8.86035116615069,13664.808632985572,136.64808632985572,23664.808632985572,99.10090246096293
0.5700000000000001,0.6100000000000001,236,234,2,115,121,48.728813559322035,1.3645161355866517,7.529712293176482,5695.213009724259,56.952130097242595,15695.213009724259,99.04090978281087
0.5700000000000001,0.6200000000000001,236,234,2,115,121,48.728813559322035,1.3645161355866517,7.529712293176482,5695.213009724259,56.952130097242595,15695.213009724259,99.04090978281087
0.5700000000000001,0.6300000000000001,236,234,2,115,121,48.728813559322035,1.3645161355866517,7.529712293176482,5695.213009724259,56.952130097242595,15695.213009724259,99.04090978281087
0.5700000000000001,0.5800000000000001,242,233,9,117,125,48.34710743801653,1.3436220909193637,6.812510087809216,5520.214117790849,55.202141177908494,15520.214117790849,98.74010045965069
0.6100000000000001,0.54,211,163,48,107,104,50.71090047393365,1.4257142785059855,11.294706207651355,6580.974147075587,65.80974147075587,16580.974147075587,98.60391035988039
0.6700000000000002,0.6300000000000001,136,134,2,68,68,50.0,1.4371087004321703,7.314540070309805,3528.3108985279596,35.28310898527959,13528.31089852796,98.56915970887802
0.6400000000000001,0.56,170,145,25,88,82,51.76470588235295,1.4911247114699553,12.265828075166475,5704.837944963836,57.04837944963836,15704.837944963836,98.53827517715264
0.6700000000000002,0.5900000000000001,142,134,8,71,71,50.0,1.4254979528555463,7.314540070309788,3709.882512704362,37.098825127043625,13709.882512704362,98.46787303416589
0.8200000000000003,0.53,145,66,79,75,70,51.724137931034484,1.470925324343041,10.5884359504851,4674.995286665584,46.74995286665584,14674.995286665584,98.1664185868424
0.5700000000000001,0.6000000000000001,237,233,4,115,122,48.52320675105485,1.351506033699296,7.529712293176482,5538.26087962702,55.38260879627019,15538.26087962702,98.10379804298859
0.7700000000000002,0.6100000000000001,111,108,3,56,55,50.45045045045045,1.4499784602465575,7.422188695467004,2955.3082220662654,29.553082220662652,12955.308222066265,98.00169703601954
0.7700000000000002,0.6200000000000001,111,108,3,56,55,50.45045045045045,1.4499784602465575,7.422188695467004,2955.3082220662654,29.553082220662652,12955.308222066265,98.00169703601954
0.6300000000000001,0.56,175,151,24,90,85,51.42857142857142,1.4668261382451646,11.875060073413279,5686.597713816731,56.86597713816731,15686.59771381673,97.94793656160584
0.7700000000000002,0.5800000000000001,119,108,11,60,59,50.42016806722689,1.4372221752212626,7.42218869546701,3187.6666307638134,31.876666307638136,13187.666630763813,97.94102126079106
0.8500000000000003,0.55,63,26,37,33,30,52.38095238095239,1.5322561139375421,8.966204424058885,1934.0032371462385,19.340032371462385,11934.003237146238,97.89942058618203
0.7700000000000002,0.6400000000000001,109,108,1,55,54,50.45871559633027,1.4501508665356897,7.42218869546702,2897.861148510794,28.97861148510794,12897.861148510794,97.89783171341378
0.7700000000000002,0.6500000000000001,109,108,1,55,54,50.45871559633027,1.4501508665356897,7.42218869546702,2897.861148510794,28.97861148510794,12897.861148510794,97.89783171341378
0.52,0.52,421,346,75,206,215,48.9311163895487,1.3076117316346947,16.40570142344883,12819.576625620626,128.19576625620627,22819.576625620626,97.80062857623015
0.8400000000000003,0.56,60,35,25,31,29,51.66666666666667,1.502346051424509,7.7443849869312045,1710.1171743230188,17.10117174323019,11710.117174323019,97.73083225856291
0.7600000000000002,0.5800000000000001,121,110,11,60,61,49.586776859504134,1.3965541217944626,5.851985059899998,2925.232064811604,29.252320648116036,12925.232064811604,97.72803984130378
0.6000000000000001,0.5800000000000001,184,173,11,93,91,50.54347826086957,1.4544790741941753,11.088294875766476,5424.976130232813,54.24976130232814,15424.976130232813,97.6684120450177
0.7600000000000002,0.6100000000000001,113,110,3,56,57,49.557522123893804,1.4053472677973948,5.851985059899995,2697.4975884471496,26.974975884471498,12697.49758844715,97.609669360887
0.7600000000000002,0.6200000000000001,113,110,3,56,57,49.557522123893804,1.4053472677973948,5.851985059899995,2697.4975884471496,26.974975884471498,12697.49758844715,97.609669360887
0.8000000000000003,0.52,204,91,113,102,102,50.0,1.3770277424371467,9.301563302026594,5734.949848963797,57.34949848963797,15734.949848963797,97.59866444237355
0.7600000000000002,0.6400000000000001,111,110,1,55,56,49.549549549549546,1.4048263920713837,5.851985059900006,2641.1937116554327,26.41193711655433,12641.193711655433,97.47224029109097
0.7600000000000002,0.6500000000000001,111,110,1,55,56,49.549549549549546,1.4048263920713837,5.851985059900006,2641.1937116554327,26.41193711655433,12641.193711655433,97.47224029109097
0.8400000000000003,0.53,114,35,79,60,54,52.63157894736842,1.53257676722626,11.977411927008816,3867.3024309250613,38.673024309250614,13867.302430925061,97.38734713407149
0.8500000000000003,0.53,105,26,79,56,49,53.333333333333336,1.5721710020484883,13.143169794414849,3760.575016168794,37.605750161687936,13760.575016168794,97.35990208932151
0.8400000000000003,0.55,72,35,37,37,35,51.388888888888886,1.4799018643186386,7.744384986931169,2026.5637087614796,20.265637087614795,12026.56370876148,97.32706895431619
0.6300000000000001,0.51,298,149,149,148,150,49.664429530201346,1.3690398608865901,13.427766202649291,8919.8709965403,89.198709965403,18919.8709965403,97.29190188967095
0.8400000000000003,0.51,185,35,150,92,93,49.72972972972973,1.3902771992766552,8.685603208489963,4900.472210961152,49.00472210961152,14900.472210961152,97.24849244511843
0.6000000000000001,0.6100000000000001,176,173,3,88,88,50.0,1.4248374784122402,9.580271725691235,4785.793174743039,47.85793174743039,14785.79317474304,97.19467789743884
0.6000000000000001,0.6200000000000001,176,173,3,88,88,50.0,1.4248374784122402,9.580271725691235,4785.793174743039,47.85793174743039,14785.79317474304,97.19467789743884
0.6000000000000001,0.6400000000000001,174,173,1,87,87,50.0,1.424938208795576,9.580271725691217,4720.2292735586125,47.20229273558613,14720.229273558612,97.06757931040345
0.6000000000000001,0.6500000000000001,174,173,1,87,87,50.0,1.424938208795576,9.580271725691217,4720.2292735586125,47.20229273558613,14720.229273558612,97.06757931040345
0.7900000000000003,0.5800000000000001,110,99,11,55,55,50.0,1.4101964647198744,6.595668983006505,2768.8825370257036,27.688825370257035,12768.882537025704,97.05212018833662
0.6300000000000001,0.53,228,150,78,117,111,51.31578947368421,1.4327207817928782,14.492458914172854,7865.08077468921,78.6508077468921,17865.08077468921,96.95819918667638
0.8200000000000003,0.55,103,66,37,52,51,50.48543689320388,1.4234263740865998,7.117849631730319,2727.043822688498,27.27043822688498,12727.043822688498,96.95708660784746
0.56,0.55,285,256,29,139,146,48.771929824561404,1.3495963100152475,10.777776956020062,7287.160758698959,72.8716075869896,17287.16075869896,96.77747339625843
0.6000000000000001,0.5900000000000001,181,173,8,90,91,49.72375690607735,1.4024296290565137,9.177542255957452,4768.620359197563,47.68620359197563,14768.620359197563,96.72999094975816
0.8200000000000003,0.56,91,66,25,46,45,50.54945054945055,1.432177488722063,7.117849631730294,2392.1660463871794,23.921660463871795,12392.16604638718,96.66938246878672
0.7800000000000002,0.5800000000000001,113,102,11,56,57,49.557522123893804,1.3868163446100046,6.070552650420827,2697.4975884471496,26.974975884471498,12697.49758844715,96.54058104761013
0.7700000000000002,0.6300000000000001,110,108,2,55,55,50.0,1.4277483406585352,7.422188695467047,2768.882537025678,27.68882537025678,12768.882537025678,96.51441565719219
0.6200000000000001,0.6100000000000001,161,158,3,80,81,49.68944099378882,1.420905200756171,8.966204424058844,4126.657014266022,41.26657014266022,14126.657014266022,96.48493591958503
0.6200000000000001,0.6200000000000001,161,158,3,80,81,49.68944099378882,1.420905200756171,8.966204424058844,4126.657014266022,41.26657014266022,14126.657014266022,96.48493591958503
0.6100000000000001,0.55,198,163,35,98,100,49.494949494949495,1.3757132578183742,9.090514058871753,5150.10148159794,51.501014815979396,15150.10148159794,96.44043693509798
0.7700000000000002,0.5900000000000001,116,108,8,58,58,50.0,1.4167108219364388,7.422188695467012,2940.261405449599,29.40261405449599,12940.261405449599,96.41567264515622
0.6300000000000001,0.54,200,151,49,103,97,51.5,1.452631087479176,14.011738096470616,6787.431286412935,67.87431286412935,16787.431286412935,96.412498927287
0.7900000000000003,0.6100000000000001,102,99,3,51,51,50.0,1.4202331179989627,7.009847123916632,2543.90284120686,25.4390284120686,12543.90284120686,96.38235971649728
0.7900000000000003,0.6200000000000001,102,99,3,51,51,50.0,1.4202331179989627,7.009847123916632,2543.90284120686,25.4390284120686,12543.90284120686,96.38235971649728
0.6200000000000001,0.6400000000000001,159,158,1,79,80,49.685534591194966,1.4208455223955565,8.96620442405885,4064.0158875030866,40.64015887503086,14064.015887503087,96.35531333033765
0.6200000000000001,0.6500000000000001,159,158,1,79,80,49.685534591194966,1.4208455223955565,8.96620442405885,4064.0158875030866,40.64015887503086,14064.015887503087,96.35531333033765
0.6700000000000002,0.6000000000000001,139,134,5,69,70,49.64028776978417,1.4094642279536016,7.832701841465117,3452.6803353173145,34.52680335317314,13452.680335317315,96.35502091147309
0.7900000000000003,0.6400000000000001,100,99,1,50,50,50.0,1.4199133736144778,7.009847123916623,2488.280041900256,24.88280041900256,12488.280041900256,96.25832434250468
0.7900000000000003,0.6500000000000001,100,99,1,50,50,50.0,1.4199133736144778,7.009847123916623,2488.280041900256,24.88280041900256,12488.280041900256,96.25832434250468
0.7600000000000002,0.5900000000000001,118,110,8,58,60,49.152542372881356,1.375726341407068,5.851985059899981,2682.750203481164,26.82750203481164,12682.750203481164,96.19284765983576
0.6600000000000001,0.5700000000000001,156,137,19,79,77,50.641025641025635,1.4502461807744167,10.777776956020087,4494.517553355272,44.945175533552714,14494.517553355272,96.15272972416992
0.7600000000000002,0.6300000000000001,112,110,2,55,57,49.107142857142854,1.3834081560251064,5.851985059900013,2514.781774538882,25.147817745388817,12514.781774538882,96.14148362880343
0.6000000000000001,0.6300000000000001,175,173,2,87,88,49.714285714285715,1.4118769785361625,9.580271725691231,4573.026980823017,45.73026980823017,14573.026980823017,96.10786837169854
0.6200000000000001,0.5900000000000001,166,158,8,82,84,49.39759036144578,1.3970141991220502,8.560739898563602,4110.249745997542,41.10249745997542,14110.249745997542,95.95875278975458
0.8500000000000003,0.51,176,26,150,88,88,50.0,1.4026310203357553,9.89495729358983,4785.793174743052,47.85793174743052,14785.793174743052,95.83439122253156
0.7800000000000002,0.6100000000000001,105,102,3,52,53,49.523809523809526,1.394430383343326,6.487059288350524,2473.775650616979,24.737756506169788,12473.775650616979,95.75608246434597
0.7800000000000002,0.6200000000000001,105,102,3,52,53,49.523809523809526,1.394430383343326,6.487059288350524,2473.775650616979,24.737756506169788,12473.775650616979,95.75608246434597
0.6400000000000001,0.52,255,142,113,130,125,50.98039215686274,1.3986840663136033,15.445853107211086,8738.329104683835,87.38329104683835,18738.329104683835,95.74543727952654
0.7800000000000002,0.6400000000000001,103,102,1,51,52,49.51456310679612,1.3936976656753572,6.487059288350518,2418.463812794793,24.184638127947927,12418.463812794793,95.61152687347615
0.7800000000000002,0.6500000000000001,103,102,1,51,52,49.51456310679612,1.3936976656753572,6.487059288350518,2418.463812794793,24.184638127947927,12418.463812794793,95.61152687347615
0.7900000000000003,0.5900000000000001,107,99,8,53,54,49.532710280373834,1.3876116031273744,6.595668983006525,2529.3338473648455,25.293338473648454,12529.333847364845,95.4359834855018
0.6200000000000001,0.6300000000000001,160,158,2,79,81,49.375,1.4060136895164543,8.966204424058844,3923.375728628045,39.23375728628045,13923.375728628045,95.325492401826
0.8100000000000003,0.54,129,79,50,65,64,50.3875968992248,1.4170940676999697,9.158980722910611,3483.9838296942653,34.83983829694265,13483.983829694265,95.1070577326338
0.7300000000000002,0.5800000000000001,133,122,11,65,68,48.87218045112782,1.3650130452353995,6.595668983006556,2952.6610657088277,29.526610657088277,12952.661065708828,95.04843069188772
0.7800000000000002,0.5900000000000001,110,102,8,54,56,49.09090909090909,1.3646257263289086,6.070552650420831,2459.28810531779,24.592881053177898,12459.28810531779,94.94323083361522
0.7700000000000002,0.6000000000000001,113,108,5,56,57,49.557522123893804,1.396265833656471,7.422188695467004,2697.497588447144,26.97497588447144,12697.497588447144,94.89110654189952
0.7900000000000003,0.6300000000000001,101,99,2,50,51,49.504950495049506,1.396115044684991,7.009847123916625,2363.3972414812524,23.633972414812522,12363.397241481252,94.80910083201196
0.7300000000000002,0.6100000000000001,125,122,3,61,64,48.8,1.3709307931541974,6.595668983006518,2724.4433075645647,27.244433075645645,12724.443307564565,94.79261486678725
0.7300000000000002,0.6200000000000001,125,122,3,61,64,48.8,1.3709307931541974,6.595668983006518,2724.4433075645647,27.244433075645645,12724.443307564565,94.79261486678725
0.7400000000000002,0.5700000000000001,140,120,20,70,70,50.0,1.4279327411749738,9.790183980952726,3649.089468212929,36.490894682129294,13649.08946821293,94.73021261199573
0.51,0.56,402,387,15,193,209,48.00995024875622,1.3177411505651764,14.790048717192079,10075.356270507858,100.75356270507858,20075.35627050786,94.68026061221278
0.7300000000000002,0.6400000000000001,123,122,1,60,63,48.78048780487805,1.36997746464535,6.595668983006564,2668.019946721861,26.680199467218607,12668.01994672186,94.63187890718692
0.7300000000000002,0.6500000000000001,123,122,1,60,63,48.78048780487805,1.36997746464535,6.595668983006564,2668.019946721861,26.680199467218607,12668.01994672186,94.63187890718692
0.8100000000000003,0.53,158,79,79,79,79,50.0,1.3896942603853029,9.790183980952676,4206.0766540435125,42.060766540435125,14206.076654043512,94.31464775207013
0.7800000000000002,0.6300000000000001,104,102,2,51,53,49.03846153846153,1.3711514590990184,6.487059288350509,2294.279174666861,22.942791746668608,12294.27917466686,94.22325854999947
0.6300000000000001,0.55,187,151,36,94,93,50.26737967914438,1.4025868092247773,11.875060073413293,5338.742184177692,53.38742184177693,15338.742184177692,94.10205646679873
0.54,0.6400000000000001,318,317,1,151,167,47.48427672955975,1.3032826092589405,10.08576683339791,6657.163667200319,66.5716366720032,16657.16366720032,94.05911981944128
0.54,0.6500000000000001,318,317,1,151,167,47.48427672955975,1.3032826092589405,10.08576683339791,6657.163667200319,66.5716366720032,16657.16366720032,94.05911981944128
0.8100000000000003,0.51,229,79,150,111,118,48.47161572052402,1.3257742894071876,9.158980722910627,5264.486475632355,52.64486475632355,15264.486475632355,94.05728130344828
0.52,0.51,435,330,105,213,222,48.96551724137931,1.3064754523842863,19.962763673212862,13540.622917389235,135.40622917389237,23540.622917389235,93.87887704102029
0.7500000000000002,0.5800000000000001,126,115,11,61,65,48.41269841269841,1.3388824913174395,6.070552650420845,2597.1988744889168,25.971988744889167,12597.198874488917,93.85021763239335
0.51,0.5700000000000001,399,387,12,191,208,47.86967418546366,1.3119216909037454,14.79004871719215,9698.735585406368,96.98735585406368,19698.735585406368,93.62410282390616
0.6000000000000001,0.6000000000000001,178,173,5,88,90,49.43820224719101,1.3904245591330422,10.484469008434326,4491.555890565645,44.915558905656454,14491.555890565645,93.592491757397
0.7300000000000002,0.5900000000000001,130,122,8,63,67,48.46153846153846,1.3456483344327392,6.595668983006566,2709.6646267554024,27.096646267554025,12709.664626755402,93.58252838707975
0.7500000000000002,0.6100000000000001,118,115,3,57,61,48.30508474576271,1.3417861506456132,6.070552650420838,2375.2441370454744,23.752441370454743,12375.244137045474,93.4686476971656
0.7500000000000002,0.6200000000000001,118,115,3,57,61,48.30508474576271,1.3417861506456132,6.070552650420838,2375.2441370454744,23.752441370454743,12375.244137045474,93.4686476971656
0.7300000000000002,0.6300000000000001,124,122,2,60,64,48.38709677419355,1.3510530090762007,6.59566898300656,2541.339747254644,25.41339747254644,12541.339747254644,93.42484477014426
0.54,0.6100000000000001,319,317,2,151,168,47.33542319749217,1.2970325042489752,10.085766833397896,6490.592030528329,64.90592030528329,16490.59203052833,93.4015455796649
0.54,0.6200000000000001,319,317,2,151,168,47.33542319749217,1.2970325042489752,10.085766833397896,6490.592030528329,64.90592030528329,16490.59203052833,93.4015455796649
0.54,0.6300000000000001,319,317,2,151,168,47.33542319749217,1.2970325042489752,10.085766833397896,6490.592030528329,64.90592030528329,16490.59203052833,93.4015455796649
0.7500000000000002,0.6400000000000001,116,115,1,56,60,48.275862068965516,1.3403459762674272,6.070552650420849,2320.369212572681,23.20369212572681,12320.369212572681,93.28667953469393
0.7500000000000002,0.6500000000000001,116,115,1,56,60,48.275862068965516,1.3403459762674272,6.070552650420849,2320.369212572681,23.20369212572681,12320.369212572681,93.28667953469393
0.7600000000000002,0.6000000000000001,115,110,5,56,59,48.69565217391305,1.3547776976284756,6.793465209300992,2444.8173864370565,24.448173864370563,12444.817386437056,93.23837095101817
0.6600000000000001,0.5800000000000001,148,137,11,73,75,49.32432432432432,1.3859834127949546,9.369871018542277,3557.019710092247,35.57019710092247,13557.019710092247,93.16073156633144
0.56,0.56,276,256,20,132,144,47.82608695652174,1.308024549833594,10.08576683339793,5936.365274952708,59.363652749527084,15936.365274952708,92.97810577141315
0.6600000000000001,0.6100000000000001,140,137,3,69,71,49.28571428571429,1.3934364671975519,9.369871018542266,3318.1535319641407,33.18153531964141,13318.15353196414,92.96181636687412
0.6600000000000001,0.6200000000000001,140,137,3,69,71,49.28571428571429,1.3934364671975519,9.369871018542266,3318.1535319641407,33.18153531964141,13318.15353196414,92.96181636687412
0.6600000000000001,0.6400000000000001,138,137,1,68,70,49.275362318840585,1.3928817669009423,9.36987101854225,3259.097511647269,32.59097511647269,13259.09751164727,92.81634033093914
0.6600000000000001,0.6500000000000001,138,137,1,68,70,49.275362318840585,1.3928817669009423,9.36987101854225,3259.097511647269,32.59097511647269,13259.09751164727,92.81634033093914
0.6200000000000001,0.6000000000000001,163,158,5,80,83,49.079754601226995,1.3830743899885787,9.876542379818247,3845.536539682127,38.45536539682127,13845.536539682127,92.73911240979353
0.54,0.5900000000000001,320,316,4,151,169,47.1875,1.2880234685509835,10.085766833397896,6325.686110223049,63.25686110223049,16325.686110223049,92.63741071238859
0.54,0.6000000000000001,320,316,4,151,169,47.1875,1.2880234685509835,10.085766833397896,6325.686110223049,63.25686110223049,16325.686110223049,92.63741071238859
0.56,0.5900000000000001,266,260,6,127,139,47.744360902255636,1.3078199615993926,9.876542379818238,5586.155783525788,55.861557835257884,15586.155783525788,92.54247691242776
0.7500000000000002,0.5900000000000001,123,115,8,59,64,47.96747967479675,1.3180840103630143,6.070552650420793,2360.8710302135423,23.608710302135425,12360.871030213542,92.32301333671485
0.56,0.6400000000000001,262,261,1,125,137,47.70992366412214,1.3068667061209727,9.876542379818254,5448.2364295054595,54.482364295054595,15448.23642950546,92.21128936618352
0.56,0.6500000000000001,262,261,1,125,137,47.70992366412214,1.3068667061209727,9.876542379818254,5448.2364295054595,54.482364295054595,15448.23642950546,92.21128936618352
0.7500000000000002,0.6300000000000001,117,115,2,56,61,47.863247863247864,1.3207774563324763,6.070552650420816,2197.1655204469625,21.971655204469627,12197.165520446963,92.05122425018568
0.7300000000000002,0.6000000000000001,127,122,5,61,66,48.031496062992126,1.3260968444781773,6.79346520930099,2471.2268857440286,24.712268857440286,12471.226885744029,91.81187776815973
0.6600000000000001,0.5900000000000001,145,137,8,71,74,48.96551724137931,1.368992131281014,9.36987101854226,3302.685292194532,33.02685292194532,13302.685292194532,91.7930079285059
0.7900000000000003,0.6000000000000001,104,99,5,51,53,49.03846153846153,1.3648159587232318,7.939748652677468,2294.2791746668445,22.942791746668444,12294.279174666844,91.79080448847752
0.6600000000000001,0.6300000000000001,139,137,2,68,71,48.92086330935252,1.3761251150682727,9.36987101854226,3126.506536530782,31.26506536530782,13126.506536530782,91.70364280265535
0.8000000000000003,0.5700000000000001,111,91,20,54,57,48.64864864864865,1.3554009300507672,7.725530557207971,2334.6952242646203,23.346952242646204,12334.69522426462,91.6214561390723
0.53,0.56,358,344,14,172,186,48.04469273743017,1.3113470137343937,14.790048717192109,8657.857333675573,86.57857333675572,18657.857333675573,91.60686850965381
0.56,0.6100000000000001,263,260,3,125,138,47.52851711026616,1.2990319756980313,9.876542379818286,5293.754065210382,52.93754065210382,15293.754065210382,91.49823214374767
0.56,0.6200000000000001,263,260,3,125,138,47.52851711026616,1.2990319756980313,9.876542379818286,5293.754065210382,52.93754065210382,15293.754065210382,91.49823214374767
0.7800000000000002,0.6000000000000001,107,102,5,52,55,48.598130841121495,1.3420883747155599,7.422188695467008,2225.547515169701,22.25547515169701,12225.547515169701,91.30041239632205
0.55,0.6100000000000001,290,287,3,136,154,46.89655172413793,1.2663097679697524,8.966204424058857,5272.8699422235895,52.72869942223589,15272.86994222359,91.19709982921795
0.55,0.6200000000000001,290,287,3,136,154,46.89655172413793,1.2663097679697524,8.966204424058857,5272.8699422235895,52.72869942223589,15272.86994222359,91.19709982921795
0.51,0.5800000000000001,398,389,9,189,209,47.48743718592965,1.2894074882227038,14.79004871719215,8944.529745036762,89.4452974503676,18944.52974503676,91.02400453615827
0.55,0.6400000000000001,288,287,1,135,153,46.875,1.265600250898566,8.966204424058859,5205.146220955445,52.051462209554444,15205.146220955445,91.02249584176522
0.55,0.6500000000000001,288,287,1,135,153,46.875,1.265600250898566,8.966204424058859,5205.146220955445,52.051462209554444,15205.146220955445,91.02249584176522
0.56,0.6000000000000001,264,259,5,125,139,47.34848484848485,1.288419223951809,9.876542379818286,5140.816524558277,51.40816524558277,15140.816524558277,90.67783086170391
0.56,0.6300000000000001,262,260,2,124,138,47.32824427480916,1.2907128721346268,9.876542379818233,5073.6783611377705,50.7367836113777,15073.67836113777,90.62518017533785
0.5,0.6600000000000001,416,416,0,206,210,49.519230769230774,1.3463307992628346,10.674030177944289,13995.599773120826,139.95599773120827,23995.599773120826,90.593001634454
0.5,0.6700000000000002,416,416,0,206,210,49.519230769230774,1.3463307992628346,10.674030177944289,13995.599773120826,139.95599773120827,23995.599773120826,90.593001634454
0.5,0.6800000000000002,416,416,0,206,210,49.519230769230774,1.3463307992628346,10.674030177944289,13995.599773120826,139.95599773120827,23995.599773120826,90.593001634454
0.5,0.6900000000000002,416,416,0,206,210,49.519230769230774,1.3463307992628346,10.674030177944289,13995.599773120826,139.95599773120827,23995.599773120826,90.593001634454
0.5,0.7000000000000002,416,416,0,206,210,49.519230769230774,1.3463307992628346,10.674030177944289,13995.599773120826,139.95599773120827,23995.599773120826,90.593001634454
0.5,0.7100000000000002,416,416,0,206,210,49.519230769230774,1.3463307992628346,10.674030177944289,13995.599773120826,139.95599773120827,23995.599773120826,90.593001634454
0.5,0.7200000000000002,416,416,0,206,210,49.519230769230774,1.3463307992628346,10.674030177944289,13995.599773120826,139.95599773120827,23995.599773120826,90.593001634454
0.5,0.7300000000000002,416,416,0,206,210,49.519230769230774,1.3463307992628346,10.674030177944289,13995.599773120826,139.95599773120827,23995.599773120826,90.593001634454
0.5,0.7400000000000002,416,416,0,206,210,49.519230769230774,1.3463307992628346,10.674030177944289,13995.599773120826,139.95599773120827,23995.599773120826,90.593001634454
0.5,0.7500000000000002,416,416,0,206,210,49.519230769230774,1.3463307992628346,10.674030177944289,13995.599773120826,139.95599773120827,23995.599773120826,90.593001634454
0.5,0.7600000000000002,416,416,0,206,210,49.519230769230774,1.3463307992628346,10.674030177944289,13995.599773120826,139.95599773120827,23995.599773120826,90.593001634454
0.5,0.7700000000000002,416,416,0,206,210,49.519230769230774,1.3463307992628346,10.674030177944289,13995.599773120826,139.95599773120827,23995.599773120826,90.593001634454
0.5,0.7800000000000002,416,416,0,206,210,49.519230769230774,1.3463307992628346,10.674030177944289,13995.599773120826,139.95599773120827,23995.599773120826,90.593001634454
0.5,0.7900000000000003,416,416,0,206,210,49.519230769230774,1.3463307992628346,10.674030177944289,13995.599773120826,139.95599773120827,23995.599773120826,90.593001634454
0.5,0.8000000000000003,416,416,0,206,210,49.519230769230774,1.3463307992628346,10.674030177944289,13995.599773120826,139.95599773120827,23995.599773120826,90.593001634454
0.5,0.8100000000000003,416,416,0,206,210,49.519230769230774,1.3463307992628346,10.674030177944289,13995.599773120826,139.95599773120827,23995.599773120826,90.593001634454
0.5,0.8200000000000003,416,416,0,206,210,49.519230769230774,1.3463307992628346,10.674030177944289,13995.599773120826,139.95599773120827,23995.599773120826,90.593001634454
0.5,0.8300000000000003,416,416,0,206,210,49.519230769230774,1.3463307992628346,10.674030177944289,13995.599773120826,139.95599773120827,23995.599773120826,90.593001634454
0.5,0.8400000000000003,416,416,0,206,210,49.519230769230774,1.3463307992628346,10.674030177944289,13995.599773120826,139.95599773120827,23995.599773120826,90.593001634454
0.5,0.8500000000000003,416,416,0,206,210,49.519230769230774,1.3463307992628346,10.674030177944289,13995.599773120826,139.95599773120827,23995.599773120826,90.593001634454
0.56,0.5800000000000001,268,260,8,126,142,47.01492537313433,1.2742519434122863,9.177542255957494,4905.6094723036385,49.05609472303639,14905.609472303639,90.52244598372967
0.55,0.5900000000000001,291,286,5,136,155,46.735395189003434,1.2571816185412958,8.966204424058857,5120.141242801357,51.20141242801357,15120.141242801357,90.44593818566798
0.55,0.6000000000000001,291,286,5,136,155,46.735395189003434,1.2571816185412958,8.966204424058857,5120.141242801357,51.20141242801357,15120.141242801357,90.44593818566798
0.55,0.6300000000000001,289,287,2,135,154,46.71280276816609,1.258878695747701,8.966204424058843,5053.094758745896,50.53094758745896,15053.094758745896,90.36843209539461
0.6100000000000001,0.56,187,163,24,92,95,49.19786096256685,1.3591998617949428,11.893066630337785,4603.952813963031,46.039528139630306,14603.952813963031,90.33523063550052
0.6300000000000001,0.52,261,149,112,129,132,49.42528735632184,1.3270694948317567,15.069248936950599,7214.022507542682,72.14022507542683,17214.022507542682,89.61959508109067
0.7500000000000002,0.6000000000000001,120,115,5,57,63,47.5,1.2967278042049324,6.901719031782967,2128.976778718268,21.289767787182683,12128.976778718268,89.52448717795937
0.6500000000000001,0.51,288,139,149,143,145,49.65277777777778,1.3620929797075383,17.8785804957879,8504.097494537542,85.04097494537541,18504.097494537542,89.50043232258365
0.53,0.5800000000000001,353,347,6,168,185,47.59206798866856,1.302286639253748,14.790048717192123,7784.724476414303,77.84724476414303,17784.724476414303,89.27187544152463
0.52,0.56,380,368,12,180,200,47.368421052631575,1.282121721470152,14.790048717192072,8201.758847304925,82.01758847304926,18201.758847304925,89.18752400394361
0.7200000000000002,0.6600000000000001,126,126,0,66,60,52.38095238095239,1.5841730314267466,5.961332355336291,4242.043326421674,42.42043326421673,14242.043326421674,89.09948556738496
0.7200000000000002,0.6700000000000002,126,126,0,66,60,52.38095238095239,1.5841730314267466,5.961332355336291,4242.043326421674,42.42043326421673,14242.043326421674,89.09948556738496
0.7200000000000002,0.6800000000000002,126,126,0,66,60,52.38095238095239,1.5841730314267466,5.961332355336291,4242.043326421674,42.42043326421673,14242.043326421674,89.09948556738496
0.7200000000000002,0.6900000000000002,126,126,0,66,60,52.38095238095239,1.5841730314267466,5.961332355336291,4242.043326421674,42.42043326421673,14242.043326421674,89.09948556738496
0.7200000000000002,0.7000000000000002,126,126,0,66,60,52.38095238095239,1.5841730314267466,5.961332355336291,4242.043326421674,42.42043326421673,14242.043326421674,89.09948556738496
0.7200000000000002,0.7100000000000002,126,126,0,66,60,52.38095238095239,1.5841730314267466,5.961332355336291,4242.043326421674,42.42043326421673,14242.043326421674,89.09948556738496
0.7200000000000002,0.7200000000000002,126,126,0,66,60,52.38095238095239,1.5841730314267466,5.961332355336291,4242.043326421674,42.42043326421673,14242.043326421674,89.09948556738496
0.7200000000000002,0.7300000000000002,126,126,0,66,60,52.38095238095239,1.5841730314267466,5.961332355336291,4242.043326421674,42.42043326421673,14242.043326421674,89.09948556738496
0.7200000000000002,0.7400000000000002,126,126,0,66,60,52.38095238095239,1.5841730314267466,5.961332355336291,4242.043326421674,42.42043326421673,14242.043326421674,89.09948556738496
0.7200000000000002,0.7500000000000002,126,126,0,66,60,52.38095238095239,1.5841730314267466,5.961332355336291,4242.043326421674,42.42043326421673,14242.043326421674,89.09948556738496
0.7200000000000002,0.7600000000000002,126,126,0,66,60,52.38095238095239,1.5841730314267466,5.961332355336291,4242.043326421674,42.42043326421673,14242.043326421674,89.09948556738496
0.7200000000000002,0.7700000000000002,126,126,0,66,60,52.38095238095239,1.5841730314267466,5.961332355336291,4242.043326421674,42.42043326421673,14242.043326421674,89.09948556738496
0.7200000000000002,0.7800000000000002,126,126,0,66,60,52.38095238095239,1.5841730314267466,5.961332355336291,4242.043326421674,42.42043326421673,14242.043326421674,89.09948556738496
0.7200000000000002,0.7900000000000003,126,126,0,66,60,52.38095238095239,1.5841730314267466,5.961332355336291,4242.043326421674,42.42043326421673,14242.043326421674,89.09948556738496
0.7200000000000002,0.8000000000000003,126,126,0,66,60,52.38095238095239,1.5841730314267466,5.961332355336291,4242.043326421674,42.42043326421673,14242.043326421674,89.09948556738496
0.7200000000000002,0.8100000000000003,126,126,0,66,60,52.38095238095239,1.5841730314267466,5.961332355336291,4242.043326421674,42.42043326421673,14242.043326421674,89.09948556738496
0.7200000000000002,0.8200000000000003,126,126,0,66,60,52.38095238095239,1.5841730314267466,5.961332355336291,4242.043326421674,42.42043326421673,14242.043326421674,89.09948556738496
0.7200000000000002,0.8300000000000003,126,126,0,66,60,52.38095238095239,1.5841730314267466,5.961332355336291,4242.043326421674,42.42043326421673,14242.043326421674,89.09948556738496
0.7200000000000002,0.8400000000000003,126,126,0,66,60,52.38095238095239,1.5841730314267466,5.961332355336291,4242.043326421674,42.42043326421673,14242.043326421674,89.09948556738496
0.7200000000000002,0.8500000000000003,126,126,0,66,60,52.38095238095239,1.5841730314267466,5.961332355336291,4242.043326421674,42.42043326421673,14242.043326421674,89.09948556738496
0.6600000000000001,0.6000000000000001,142,137,5,69,73,48.59154929577465,1.3523234301526874,10.276172308356845,3053.1222766780575,30.531222766780573,13053.122276678057,89.08069794481567
0.6400000000000001,0.6100000000000001,149,146,3,74,75,49.664429530201346,1.3967433691400624,13.042173473315938,3754.952197859606,37.549521978596054,13754.952197859606,88.64859371644847
0.6400000000000001,0.6200000000000001,149,146,3,74,75,49.664429530201346,1.3967433691400624,13.042173473315938,3754.952197859606,37.549521978596054,13754.952197859606,88.64859371644847
0.56,0.5700000000000001,273,258,15,128,145,46.88644688644688,1.263542452603659,10.085766833397903,4888.297497285772,48.88297497285772,14888.297497285772,88.63286629184448
0.6400000000000001,0.6400000000000001,147,146,1,73,74,49.65986394557823,1.3964119123587553,13.042173473315922,3693.9593031235054,36.93959303123505,13693.959303123505,88.51106686341245
0.6400000000000001,0.6500000000000001,147,146,1,73,74,49.65986394557823,1.3964119123587553,13.042173473315922,3693.9593031235054,36.93959303123505,13693.959303123505,88.51106686341245
0.7100000000000002,0.6600000000000001,128,128,0,67,61,52.34375,1.5655006075281956,5.961332355336291,4305.477387397559,43.05477387397559,14305.47738739756,88.46085554291851
0.7100000000000002,0.6700000000000002,128,128,0,67,61,52.34375,1.5655006075281956,5.961332355336291,4305.477387397559,43.05477387397559,14305.47738739756,88.46085554291851
0.7100000000000002,0.6800000000000002,128,128,0,67,61,52.34375,1.5655006075281956,5.961332355336291,4305.477387397559,43.05477387397559,14305.47738739756,88.46085554291851
0.7100000000000002,0.6900000000000002,128,128,0,67,61,52.34375,1.5655006075281956,5.961332355336291,4305.477387397559,43.05477387397559,14305.47738739756,88.46085554291851
0.7100000000000002,0.7000000000000002,128,128,0,67,61,52.34375,1.5655006075281956,5.961332355336291,4305.477387397559,43.05477387397559,14305.47738739756,88.46085554291851
0.7100000000000002,0.7100000000000002,128,128,0,67,61,52.34375,1.5655006075281956,5.961332355336291,4305.477387397559,43.05477387397559,14305.47738739756,88.46085554291851
0.7100000000000002,0.7200000000000002,128,128,0,67,61,52.34375,1.5655006075281956,5.961332355336291,4305.477387397559,43.05477387397559,14305.47738739756,88.46085554291851
0.7100000000000002,0.7300000000000002,128,128,0,67,61,52.34375,1.5655006075281956,5.961332355336291,4305.477387397559,43.05477387397559,14305.47738739756,88.46085554291851
0.7100000000000002,0.7400000000000002,128,128,0,67,61,52.34375,1.5655006075281956,5.961332355336291,4305.477387397559,43.05477387397559,14305.47738739756,88.46085554291851
0.7100000000000002,0.7500000000000002,128,128,0,67,61,52.34375,1.5655006075281956,5.961332355336291,4305.477387397559,43.05477387397559,14305.47738739756,88.46085554291851
0.7100000000000002,0.7600000000000002,128,128,0,67,61,52.34375,1.5655006075281956,5.961332355336291,4305.477387397559,43.05477387397559,14305.47738739756,88.46085554291851
0.7100000000000002,0.7700000000000002,128,128,0,67,61,52.34375,1.5655006075281956,5.961332355336291,4305.477387397559,43.05477387397559,14305.47738739756,88.46085554291851
0.7100000000000002,0.7800000000000002,128,128,0,67,61,52.34375,1.5655006075281956,5.961332355336291,4305.477387397559,43.05477387397559,14305.47738739756,88.46085554291851
0.7100000000000002,0.7900000000000003,128,128,0,67,61,52.34375,1.5655006075281956,5.961332355336291,4305.477387397559,43.05477387397559,14305.47738739756,88.46085554291851
0.7100000000000002,0.8000000000000003,128,128,0,67,61,52.34375,1.5655006075281956,5.961332355336291,4305.477387397559,43.05477387397559,14305.47738739756,88.46085554291851
0.7100000000000002,0.8100000000000003,128,128,0,67,61,52.34375,1.5655006075281956,5.961332355336291,4305.477387397559,43.05477387397559,14305.47738739756,88.46085554291851
0.7100000000000002,0.8200000000000003,128,128,0,67,61,52.34375,1.5655006075281956,5.961332355336291,4305.477387397559,43.05477387397559,14305.47738739756,88.46085554291851
0.7100000000000002,0.8300000000000003,128,128,0,67,61,52.34375,1.5655006075281956,5.961332355336291,4305.477387397559,43.05477387397559,14305.47738739756,88.46085554291851
0.7100000000000002,0.8400000000000003,128,128,0,67,61,52.34375,1.5655006075281956,5.961332355336291,4305.477387397559,43.05477387397559,14305.47738739756,88.46085554291851
0.7100000000000002,0.8500000000000003,128,128,0,67,61,52.34375,1.5655006075281956,5.961332355336291,4305.477387397559,43.05477387397559,14305.47738739756,88.46085554291851
0.6500000000000001,0.54,188,139,49,97,91,51.59574468085106,1.4480559611698518,18.68317923596299,6345.715383071469,63.45715383071469,16345.715383071469,88.38677269941806
0.6400000000000001,0.5900000000000001,154,146,8,76,78,49.35064935064935,1.3732492732424584,12.65486331396608,3738.976642531663,37.38976642531663,13738.976642531663,88.1009539191372
0.6500000000000001,0.53,217,140,77,111,106,51.1520737327189,1.4148287931754853,19.13778417511718,7221.05934195239,72.2105934195239,17221.05934195239,87.90463101460787
0.8100000000000003,0.55,116,79,37,56,60,48.275862068965516,1.3215209229053642,9.158980722910638,2320.3692125726775,23.203692125726775,12320.369212572677,87.90103529147673
0.54,0.56,328,313,15,156,172,47.5609756097561,1.3053489499355664,14.790048717192104,7031.437920423912,70.31437920423912,17031.437920423912,87.87224856736037
0.7400000000000002,0.5800000000000001,131,120,11,63,68,48.091603053435115,1.3301211278399823,9.790183980952673,2582.567980487858,25.825679804878583,12582.567980487858,87.73050662986356
0.8300000000000003,0.51,205,55,150,99,106,48.292682926829265,1.3148749735174567,11.97741192700881,4471.767195507633,44.717671955076334,14471.767195507633,87.71875690461495
0.6400000000000001,0.6300000000000001,148,146,2,73,75,49.32432432432432,1.3813171988874922,13.04217347331591,3557.0197100922633,35.570197100922634,13557.019710092263,87.4656293278725
0.6400000000000001,0.5700000000000001,165,145,20,82,83,49.696969696969695,1.3901492816987244,14.393031534018139,4252.777521209646,42.52777521209646,14252.777521209646,87.3704638578259
0.7400000000000002,0.6100000000000001,123,120,3,59,64,47.96747967479675,1.332258066929532,9.790183980952676,2360.871030213528,23.60871030213528,12360.871030213528,87.3105286035777
0.7400000000000002,0.6200000000000001,123,120,3,59,64,47.96747967479675,1.332258066929532,9.790183980952676,2360.871030213528,23.60871030213528,12360.871030213528,87.3105286035777
0.7400000000000002,0.6400000000000001,121,120,1,58,63,47.93388429752066,1.3307119530037728,9.790183980952689,2306.059839687554,23.06059839687554,12306.059839687554,87.12226397685733
0.7400000000000002,0.6500000000000001,121,120,1,58,63,47.93388429752066,1.3307119530037728,9.790183980952689,2306.059839687554,23.06059839687554,12306.059839687554,87.12226397685733
0.8100000000000003,0.56,104,79,25,50,54,48.07692307692308,1.3174861614999727,9.15898072291062,1996.191980012005,19.961919800120047,11996.191980012005,86.99182087411855
0.6300000000000001,0.5700000000000001,170,151,19,84,86,49.411764705882355,1.3707713401474058,14.011738096470646,4236.223771506153,42.36223771506153,14236.223771506153,86.99157635714374
0.8300000000000003,0.54,105,55,50,53,52,50.476190476190474,1.4151621837267434,13.646394604394116,2783.7300758747515,27.837300758747514,12783.730075874751,86.9424508323233
0.53,0.5700000000000001,354,344,10,167,187,47.175141242937855,1.2772431943750042,14.790048717192123,7179.980740522053,71.79980740522053,17179.980740522053,86.85218680172503
0.8200000000000003,0.52,179,66,113,88,91,49.162011173184354,1.330670690220564,13.16091723865353,4346.640331659997,43.46640331659997,14346.640331659997,86.75973800075442
0.7000000000000002,0.6600000000000001,128,128,0,67,61,52.34375,1.55289669129012,6.793465209301005,4305.47738739755,43.0547738739755,14305.47738739755,86.70849961244839
0.7000000000000002,0.6700000000000002,128,128,0,67,61,52.34375,1.55289669129012,6.793465209301005,4305.47738739755,43.0547738739755,14305.47738739755,86.70849961244839
0.7000000000000002,0.6800000000000002,128,128,0,67,61,52.34375,1.55289669129012,6.793465209301005,4305.47738739755,43.0547738739755,14305.47738739755,86.70849961244839
0.7000000000000002,0.6900000000000002,128,128,0,67,61,52.34375,1.55289669129012,6.793465209301005,4305.47738739755,43.0547738739755,14305.47738739755,86.70849961244839
0.7000000000000002,0.7000000000000002,128,128,0,67,61,52.34375,1.55289669129012,6.793465209301005,4305.47738739755,43.0547738739755,14305.47738739755,86.70849961244839
0.7000000000000002,0.7100000000000002,128,128,0,67,61,52.34375,1.55289669129012,6.793465209301005,4305.47738739755,43.0547738739755,14305.47738739755,86.70849961244839
0.7000000000000002,0.7200000000000002,128,128,0,67,61,52.34375,1.55289669129012,6.793465209301005,4305.47738739755,43.0547738739755,14305.47738739755,86.70849961244839
0.7000000000000002,0.7300000000000002,128,128,0,67,61,52.34375,1.55289669129012,6.793465209301005,4305.47738739755,43.0547738739755,14305.47738739755,86.70849961244839
0.7000000000000002,0.7400000000000002,128,128,0,67,61,52.34375,1.55289669129012,6.793465209301005,4305.47738739755,43.0547738739755,14305.47738739755,86.70849961244839
0.7000000000000002,0.7500000000000002,128,128,0,67,61,52.34375,1.55289669129012,6.793465209301005,4305.47738739755,43.0547738739755,14305.47738739755,86.70849961244839
0.7000000000000002,0.7600000000000002,128,128,0,67,61,52.34375,1.55289669129012,6.793465209301005,4305.47738739755,43.0547738739755,14305.47738739755,86.70849961244839
0.7000000000000002,0.7700000000000002,128,128,0,67,61,52.34375,1.55289669129012,6.793465209301005,4305.47738739755,43.0547738739755,14305.47738739755,86.70849961244839
0.7000000000000002,0.7800000000000002,128,128,0,67,61,52.34375,1.55289669129012,6.793465209301005,4305.47738739755,43.0547738739755,14305.47738739755,86.70849961244839
0.7000000000000002,0.7900000000000003,128,128,0,67,61,52.34375,1.55289669129012,6.793465209301005,4305.47738739755,43.0547738739755,14305.47738739755,86.70849961244839
0.7000000000000002,0.8000000000000003,128,128,0,67,61,52.34375,1.55289669129012,6.793465209301005,4305.47738739755,43.0547738739755,14305.47738739755,86.70849961244839
0.7000000000000002,0.8100000000000003,128,128,0,67,61,52.34375,1.55289669129012,6.793465209301005,4305.47738739755,43.0547738739755,14305.47738739755,86.70849961244839
0.7000000000000002,0.8200000000000003,128,128,0,67,61,52.34375,1.55289669129012,6.793465209301005,4305.47738739755,43.0547738739755,14305.47738739755,86.70849961244839
0.7000000000000002,0.8300000000000003,128,128,0,67,61,52.34375,1.55289669129012,6.793465209301005,4305.47738739755,43.0547738739755,14305.47738739755,86.70849961244839
0.7000000000000002,0.8400000000000003,128,128,0,67,61,52.34375,1.55289669129012,6.793465209301005,4305.47738739755,43.0547738739755,14305.47738739755,86.70849961244839
0.7000000000000002,0.8500000000000003,128,128,0,67,61,52.34375,1.55289669129012,6.793465209301005,4305.47738739755,43.0547738739755,14305.47738739755,86.70849961244839
0.5800000000000001,0.6600000000000001,213,213,0,108,105,50.70422535211267,1.4586729705899761,7.009847123916603,6654.825805926666,66.54825805926666,16654.825805926666,86.4939124256338
0.5800000000000001,0.6700000000000002,213,213,0,108,105,50.70422535211267,1.4586729705899761,7.009847123916603,6654.825805926666,66.54825805926666,16654.825805926666,86.4939124256338
0.5800000000000001,0.6800000000000002,213,213,0,108,105,50.70422535211267,1.4586729705899761,7.009847123916603,6654.825805926666,66.54825805926666,16654.825805926666,86.4939124256338
0.5800000000000001,0.6900000000000002,213,213,0,108,105,50.70422535211267,1.4586729705899761,7.009847123916603,6654.825805926666,66.54825805926666,16654.825805926666,86.4939124256338
0.5800000000000001,0.7000000000000002,213,213,0,108,105,50.70422535211267,1.4586729705899761,7.009847123916603,6654.825805926666,66.54825805926666,16654.825805926666,86.4939124256338
0.5800000000000001,0.7100000000000002,213,213,0,108,105,50.70422535211267,1.4586729705899761,7.009847123916603,6654.825805926666,66.54825805926666,16654.825805926666,86.4939124256338
0.5800000000000001,0.7200000000000002,213,213,0,108,105,50.70422535211267,1.4586729705899761,7.009847123916603,6654.825805926666,66.54825805926666,16654.825805926666,86.4939124256338
0.5800000000000001,0.7300000000000002,213,213,0,108,105,50.70422535211267,1.4586729705899761,7.009847123916603,6654.825805926666,66.54825805926666,16654.825805926666,86.4939124256338
0.5800000000000001,0.7400000000000002,213,213,0,108,105,50.70422535211267,1.4586729705899761,7.009847123916603,6654.825805926666,66.54825805926666,16654.825805926666,86.4939124256338
0.5800000000000001,0.7500000000000002,213,213,0,108,105,50.70422535211267,1.4586729705899761,7.009847123916603,6654.825805926666,66.54825805926666,16654.825805926666,86.4939124256338
0.5800000000000001,0.7600000000000002,213,213,0,108,105,50.70422535211267,1.4586729705899761,7.009847123916603,6654.825805926666,66.54825805926666,16654.825805926666,86.4939124256338
0.5800000000000001,0.7700000000000002,213,213,0,108,105,50.70422535211267,1.4586729705899761,7.009847123916603,6654.825805926666,66.54825805926666,16654.825805926666,86.4939124256338
0.5800000000000001,0.7800000000000002,213,213,0,108,105,50.70422535211267,1.4586729705899761,7.009847123916603,6654.825805926666,66.54825805926666,16654.825805926666,86.4939124256338
0.5800000000000001,0.7900000000000003,213,213,0,108,105,50.70422535211267,1.4586729705899761,7.009847123916603,6654.825805926666,66.54825805926666,16654.825805926666,86.4939124256338
0.5800000000000001,0.8000000000000003,213,213,0,108,105,50.70422535211267,1.4586729705899761,7.009847123916603,6654.825805926666,66.54825805926666,16654.825805926666,86.4939124256338
0.5800000000000001,0.8100000000000003,213,213,0,108,105,50.70422535211267,1.4586729705899761,7.009847123916603,6654.825805926666,66.54825805926666,16654.825805926666,86.4939124256338
0.5800000000000001,0.8200000000000003,213,213,0,108,105,50.70422535211267,1.4586729705899761,7.009847123916603,6654.825805926666,66.54825805926666,16654.825805926666,86.4939124256338
0.5800000000000001,0.8300000000000003,213,213,0,108,105,50.70422535211267,1.4586729705899761,7.009847123916603,6654.825805926666,66.54825805926666,16654.825805926666,86.4939124256338
0.5800000000000001,0.8400000000000003,213,213,0,108,105,50.70422535211267,1.4586729705899761,7.009847123916603,6654.825805926666,66.54825805926666,16654.825805926666,86.4939124256338
0.5800000000000001,0.8500000000000003,213,213,0,108,105,50.70422535211267,1.4586729705899761,7.009847123916603,6654.825805926666,66.54825805926666,16654.825805926666,86.4939124256338
0.6500000000000001,0.56,164,140,24,83,81,50.609756097560975,1.4132649824038805,16.662579447280766,4754.482270196206,47.54482270196206,14754.482270196206,86.35057271440698
0.6800000000000002,0.6600000000000001,133,133,0,69,64,51.8796992481203,1.5489872225941017,6.7934652093009955,4288.862429947501,42.88862429947501,14288.862429947501,86.28686557376773
0.6800000000000002,0.6700000000000002,133,133,0,69,64,51.8796992481203,1.5489872225941017,6.7934652093009955,4288.862429947501,42.88862429947501,14288.862429947501,86.28686557376773
0.6800000000000002,0.6800000000000002,133,133,0,69,64,51.8796992481203,1.5489872225941017,6.7934652093009955,4288.862429947501,42.88862429947501,14288.862429947501,86.28686557376773
0.6800000000000002,0.6900000000000002,133,133,0,69,64,51.8796992481203,1.5489872225941017,6.7934652093009955,4288.862429947501,42.88862429947501,14288.862429947501,86.28686557376773
0.6800000000000002,0.7000000000000002,133,133,0,69,64,51.8796992481203,1.5489872225941017,6.7934652093009955,4288.862429947501,42.88862429947501,14288.862429947501,86.28686557376773
0.6800000000000002,0.7100000000000002,133,133,0,69,64,51.8796992481203,1.5489872225941017,6.7934652093009955,4288.862429947501,42.88862429947501,14288.862429947501,86.28686557376773
0.6800000000000002,0.7200000000000002,133,133,0,69,64,51.8796992481203,1.5489872225941017,6.7934652093009955,4288.862429947501,42.88862429947501,14288.862429947501,86.28686557376773
0.6800000000000002,0.7300000000000002,133,133,0,69,64,51.8796992481203,1.5489872225941017,6.7934652093009955,4288.862429947501,42.88862429947501,14288.862429947501,86.28686557376773
0.6800000000000002,0.7400000000000002,133,133,0,69,64,51.8796992481203,1.5489872225941017,6.7934652093009955,4288.862429947501,42.88862429947501,14288.862429947501,86.28686557376773
0.6800000000000002,0.7500000000000002,133,133,0,69,64,51.8796992481203,1.5489872225941017,6.7934652093009955,4288.862429947501,42.88862429947501,14288.862429947501,86.28686557376773
0.6800000000000002,0.7600000000000002,133,133,0,69,64,51.8796992481203,1.5489872225941017,6.7934652093009955,4288.862429947501,42.88862429947501,14288.862429947501,86.28686557376773
0.6800000000000002,0.7700000000000002,133,133,0,69,64,51.8796992481203,1.5489872225941017,6.7934652093009955,4288.862429947501,42.88862429947501,14288.862429947501,86.28686557376773
0.6800000000000002,0.7800000000000002,133,133,0,69,64,51.8796992481203,1.5489872225941017,6.7934652093009955,4288.862429947501,42.88862429947501,14288.862429947501,86.28686557376773
0.6800000000000002,0.7900000000000003,133,133,0,69,64,51.8796992481203,1.5489872225941017,6.7934652093009955,4288.862429947501,42.88862429947501,14288.862429947501,86.28686557376773
0.6800000000000002,0.8000000000000003,133,133,0,69,64,51.8796992481203,1.5489872225941017,6.7934652093009955,4288.862429947501,42.88862429947501,14288.862429947501,86.28686557376773
0.6800000000000002,0.8100000000000003,133,133,0,69,64,51.8796992481203,1.5489872225941017,6.7934652093009955,4288.862429947501,42.88862429947501,14288.862429947501,86.28686557376773
0.6800000000000002,0.8200000000000003,133,133,0,69,64,51.8796992481203,1.5489872225941017,6.7934652093009955,4288.862429947501,42.88862429947501,14288.862429947501,86.28686557376773
0.6800000000000002,0.8300000000000003,133,133,0,69,64,51.8796992481203,1.5489872225941017,6.7934652093009955,4288.862429947501,42.88862429947501,14288.862429947501,86.28686557376773
0.6800000000000002,0.8400000000000003,133,133,0,69,64,51.8796992481203,1.5489872225941017,6.7934652093009955,4288.862429947501,42.88862429947501,14288.862429947501,86.28686557376773
0.6800000000000002,0.8500000000000003,133,133,0,69,64,51.8796992481203,1.5489872225941017,6.7934652093009955,4288.862429947501,42.88862429947501,14288.862429947501,86.28686557376773
0.7400000000000002,0.5900000000000001,128,120,8,61,67,47.65625,1.3096376761221888,9.790183980952728,2346.5146168865867,23.465146168865868,12346.514616886587,86.22138530723164
0.52,0.5700000000000001,378,369,9,177,201,46.82539682539682,1.2608880807646368,14.790048717192095,7252.974356378501,72.529743563785,17252.9743563785,86.16909728025276
0.7400000000000002,0.6300000000000001,122,120,2,58,64,47.540983606557376,1.3117107023548036,9.790183980952685,2182.9992412906813,21.82999241290681,12182.999241290681,85.91964240862316
0.6500000000000001,0.55,175,139,36,88,87,50.28571428571429,1.3952415564703649,16.662579447280784,4935.144620952582,49.35144620952582,14935.144620952582,85.82893947265573
0.5900000000000001,0.6600000000000001,190,190,0,97,93,51.05263157894737,1.4618161212091836,7.009847123916621,6020.435646948372,60.20435646948372,16020.435646948372,85.52506124586284
0.5900000000000001,0.6700000000000002,190,190,0,97,93,51.05263157894737,1.4618161212091836,7.009847123916621,6020.435646948372,60.20435646948372,16020.435646948372,85.52506124586284
0.5900000000000001,0.6800000000000002,190,190,0,97,93,51.05263157894737,1.4618161212091836,7.009847123916621,6020.435646948372,60.20435646948372,16020.435646948372,85.52506124586284
0.5900000000000001,0.6900000000000002,190,190,0,97,93,51.05263157894737,1.4618161212091836,7.009847123916621,6020.435646948372,60.20435646948372,16020.435646948372,85.52506124586284
0.5900000000000001,0.7000000000000002,190,190,0,97,93,51.05263157894737,1.4618161212091836,7.009847123916621,6020.435646948372,60.20435646948372,16020.435646948372,85.52506124586284
0.5900000000000001,0.7100000000000002,190,190,0,97,93,51.05263157894737,1.4618161212091836,7.009847123916621,6020.435646948372,60.20435646948372,16020.435646948372,85.52506124586284
0.5900000000000001,0.7200000000000002,190,190,0,97,93,51.05263157894737,1.4618161212091836,7.009847123916621,6020.435646948372,60.20435646948372,16020.435646948372,85.52506124586284
0.5900000000000001,0.7300000000000002,190,190,0,97,93,51.05263157894737,1.4618161212091836,7.009847123916621,6020.435646948372,60.20435646948372,16020.435646948372,85.52506124586284
0.5900000000000001,0.7400000000000002,190,190,0,97,93,51.05263157894737,1.4618161212091836,7.009847123916621,6020.435646948372,60.20435646948372,16020.435646948372,85.52506124586284
0.5900000000000001,0.7500000000000002,190,190,0,97,93,51.05263157894737,1.4618161212091836,7.009847123916621,6020.435646948372,60.20435646948372,16020.435646948372,85.52506124586284
0.5900000000000001,0.7600000000000002,190,190,0,97,93,51.05263157894737,1.4618161212091836,7.009847123916621,6020.435646948372,60.20435646948372,16020.435646948372,85.52506124586284
0.5900000000000001,0.7700000000000002,190,190,0,97,93,51.05263157894737,1.4618161212091836,7.009847123916621,6020.435646948372,60.20435646948372,16020.435646948372,85.52506124586284
0.5900000000000001,0.7800000000000002,190,190,0,97,93,51.05263157894737,1.4618161212091836,7.009847123916621,6020.435646948372,60.20435646948372,16020.435646948372,85.52506124586284
0.5900000000000001,0.7900000000000003,190,190,0,97,93,51.05263157894737,1.4618161212091836,7.009847123916621,6020.435646948372,60.20435646948372,16020.435646948372,85.52506124586284
0.5900000000000001,0.8000000000000003,190,190,0,97,93,51.05263157894737,1.4618161212091836,7.009847123916621,6020.435646948372,60.20435646948372,16020.435646948372,85.52506124586284
0.5900000000000001,0.8100000000000003,190,190,0,97,93,51.05263157894737,1.4618161212091836,7.009847123916621,6020.435646948372,60.20435646948372,16020.435646948372,85.52506124586284
0.5900000000000001,0.8200000000000003,190,190,0,97,93,51.05263157894737,1.4618161212091836,7.009847123916621,6020.435646948372,60.20435646948372,16020.435646948372,85.52506124586284
0.5900000000000001,0.8300000000000003,190,190,0,97,93,51.05263157894737,1.4618161212091836,7.009847123916621,6020.435646948372,60.20435646948372,16020.435646948372,85.52506124586284
0.5900000000000001,0.8400000000000003,190,190,0,97,93,51.05263157894737,1.4618161212091836,7.009847123916621,6020.435646948372,60.20435646948372,16020.435646948372,85.52506124586284
0.5900000000000001,0.8500000000000003,190,190,0,97,93,51.05263157894737,1.4618161212091836,7.009847123916621,6020.435646948372,60.20435646948372,16020.435646948372,85.52506124586284
0.6400000000000001,0.5800000000000001,157,146,11,76,81,48.40764331210191,1.3304860918953487,12.654863313966084,3330.9152972718366,33.309152972718366,13330.915297271837,85.10280095545946
0.6400000000000001,0.6000000000000001,151,146,5,74,77,49.00662251655629,1.3586168889436054,13.911751738582764,3481.228649122204,34.81228649122204,13481.228649122204,84.94281650639263
0.6300000000000001,0.5800000000000001,162,151,11,78,84,48.148148148148145,1.3136436734138028,12.265828075166443,3315.432235474156,33.15432235474156,13315.432235474156,84.85194336882483
0.8300000000000003,0.53,134,55,79,67,67,50.0,1.3859089012682901,15.086602825701528,3468.3229879396768,34.68322987939676,13468.322987939677,84.74309778805866
0.7400000000000002,0.6000000000000001,125,120,5,59,66,47.199999999999996,1.2885601184296054,9.790183980952676,2114.8896967122764,21.148896967122766,12114.889696712276,84.68690815917975
0.8100000000000003,0.52,192,79,113,92,100,47.91666666666667,1.2780024111400194,12.385631965618177,3888.2138152879597,38.8821381528796,13888.21381528796,84.27640946108278
0.52,0.5800000000000001,377,370,7,175,202,46.41909814323608,1.244775379883094,14.790048717192086,6592.409419765649,65.92409419765649,16592.40941976565,84.00031003068499
0.6900000000000002,0.6600000000000001,130,130,0,67,63,51.53846153846153,1.5089027607311172,6.793465209301005,4020.798387388344,40.20798387388344,14020.798387388344,83.97674015930063
0.6900000000000002,0.6700000000000002,130,130,0,67,63,51.53846153846153,1.5089027607311172,6.793465209301005,4020.798387388344,40.20798387388344,14020.798387388344,83.97674015930063
0.6900000000000002,0.6800000000000002,130,130,0,67,63,51.53846153846153,1.5089027607311172,6.793465209301005,4020.798387388344,40.20798387388344,14020.798387388344,83.97674015930063
0.6900000000000002,0.6900000000000002,130,130,0,67,63,51.53846153846153,1.5089027607311172,6.793465209301005,4020.798387388344,40.20798387388344,14020.798387388344,83.97674015930063
0.6900000000000002,0.7000000000000002,130,130,0,67,63,51.53846153846153,1.5089027607311172,6.793465209301005,4020.798387388344,40.20798387388344,14020.798387388344,83.97674015930063
0.6900000000000002,0.7100000000000002,130,130,0,67,63,51.53846153846153,1.5089027607311172,6.793465209301005,4020.798387388344,40.20798387388344,14020.798387388344,83.97674015930063
0.6900000000000002,0.7200000000000002,130,130,0,67,63,51.53846153846153,1.5089027607311172,6.793465209301005,4020.798387388344,40.20798387388344,14020.798387388344,83.97674015930063
0.6900000000000002,0.7300000000000002,130,130,0,67,63,51.53846153846153,1.5089027607311172,6.793465209301005,4020.798387388344,40.20798387388344,14020.798387388344,83.97674015930063
0.6900000000000002,0.7400000000000002,130,130,0,67,63,51.53846153846153,1.5089027607311172,6.793465209301005,4020.798387388344,40.20798387388344,14020.798387388344,83.97674015930063
0.6900000000000002,0.7500000000000002,130,130,0,67,63,51.53846153846153,1.5089027607311172,6.793465209301005,4020.798387388344,40.20798387388344,14020.798387388344,83.97674015930063
0.6900000000000002,0.7600000000000002,130,130,0,67,63,51.53846153846153,1.5089027607311172,6.793465209301005,4020.798387388344,40.20798387388344,14020.798387388344,83.97674015930063
0.6900000000000002,0.7700000000000002,130,130,0,67,63,51.53846153846153,1.5089027607311172,6.793465209301005,4020.798387388344,40.20798387388344,14020.798387388344,83.97674015930063
0.6900000000000002,0.7800000000000002,130,130,0,67,63,51.53846153846153,1.5089027607311172,6.793465209301005,4020.798387388344,40.20798387388344,14020.798387388344,83.97674015930063
0.6900000000000002,0.7900000000000003,130,130,0,67,63,51.53846153846153,1.5089027607311172,6.793465209301005,4020.798387388344,40.20798387388344,14020.798387388344,83.97674015930063
0.6900000000000002,0.8000000000000003,130,130,0,67,63,51.53846153846153,1.5089027607311172,6.793465209301005,4020.798387388344,40.20798387388344,14020.798387388344,83.97674015930063
0.6900000000000002,0.8100000000000003,130,130,0,67,63,51.53846153846153,1.5089027607311172,6.793465209301005,4020.798387388344,40.20798387388344,14020.798387388344,83.97674015930063
0.6900000000000002,0.8200000000000003,130,130,0,67,63,51.53846153846153,1.5089027607311172,6.793465209301005,4020.798387388344,40.20798387388344,14020.798387388344,83.97674015930063
0.6900000000000002,0.8300000000000003,130,130,0,67,63,51.53846153846153,1.5089027607311172,6.793465209301005,4020.798387388344,40.20798387388344,14020.798387388344,83.97674015930063
0.6900000000000002,0.8400000000000003,130,130,0,67,63,51.53846153846153,1.5089027607311172,6.793465209301005,4020.798387388344,40.20798387388344,14020.798387388344,83.97674015930063
0.6900000000000002,0.8500000000000003,130,130,0,67,63,51.53846153846153,1.5089027607311172,6.793465209301005,4020.798387388344,40.20798387388344,14020.798387388344,83.97674015930063
0.8400000000000003,0.52,148,35,113,73,75,49.32432432432432,1.346249016557607,14.509930658350193,3557.0197100922633,35.570197100922634,13557.019710092263,83.86126625712568
0.8000000000000003,0.5800000000000001,102,91,11,47,55,46.07843137254902,1.2289920856558316,7.7255305572079855,1370.8787343914191,13.708787343914192,11370.87873439142,83.35236074547863
0.8500000000000003,0.52,139,26,113,69,70,49.64028776978417,1.3610083245967721,15.642148230020181,3452.680335317318,34.52680335317318,13452.680335317318,82.70261519436734
0.8200000000000003,0.5700000000000001,86,66,20,40,46,46.51162790697674,1.2374855981636006,8.560739898563623,1246.3933906228704,12.463933906228704,11246.39339062287,82.4069148134327
0.8300000000000003,0.55,92,55,37,44,48,47.82608695652174,1.2934194296983934,11.088294875766483,1680.5445955668965,16.805445955668965,11680.544595566897,82.37846754368067
0.8000000000000003,0.6100000000000001,94,91,3,43,51,45.744680851063826,1.218526136810054,7.725530557207982,1170.53098810759,11.7053098810759,11170.53098810759,82.36615203833728
0.8000000000000003,0.6200000000000001,94,91,3,43,51,45.744680851063826,1.218526136810054,7.725530557207982,1170.53098810759,11.7053098810759,11170.53098810759,82.36615203833728
0.8000000000000003,0.6400000000000001,92,91,1,42,50,45.65217391304348,1.2142695714537266,7.725530557208008,1120.9980627361674,11.209980627361674,11120.998062736167,82.05057010433114
0.8000000000000003,0.6500000000000001,92,91,1,42,50,45.65217391304348,1.2142695714537266,7.725530557208008,1120.9980627361674,11.209980627361674,11120.998062736167,82.05057010433114
0.6100000000000001,0.5900000000000001,172,164,8,79,93,45.93023255813954,1.2151270278396895,9.49362943337554,2341.4696090754387,23.414696090754386,12341.469609075439,82.01269246074492
0.6100000000000001,0.6100000000000001,167,164,3,77,90,46.10778443113773,1.2270732291837516,9.894957293589904,2355.820156113803,23.55820156113803,12355.820156113803,82.00602575476167
0.6100000000000001,0.6200000000000001,167,164,3,77,90,46.10778443113773,1.2270732291837516,9.894957293589904,2355.820156113803,23.55820156113803,12355.820156113803,82.00602575476167
0.6700000000000002,0.6600000000000001,134,134,0,68,66,50.74626865671642,1.478770963873358,6.793465209301002,3802.99040764,38.0299040764,13802.99040764,81.93975588462104
0.6700000000000002,0.6700000000000002,134,134,0,68,66,50.74626865671642,1.478770963873358,6.793465209301002,3802.99040764,38.0299040764,13802.99040764,81.93975588462104
0.6700000000000002,0.6800000000000002,134,134,0,68,66,50.74626865671642,1.478770963873358,6.793465209301002,3802.99040764,38.0299040764,13802.99040764,81.93975588462104
0.6700000000000002,0.6900000000000002,134,134,0,68,66,50.74626865671642,1.478770963873358,6.793465209301002,3802.99040764,38.0299040764,13802.99040764,81.93975588462104
0.6700000000000002,0.7000000000000002,134,134,0,68,66,50.74626865671642,1.478770963873358,6.793465209301002,3802.99040764,38.0299040764,13802.99040764,81.93975588462104
0.6700000000000002,0.7100000000000002,134,134,0,68,66,50.74626865671642,1.478770963873358,6.793465209301002,3802.99040764,38.0299040764,13802.99040764,81.93975588462104
0.6700000000000002,0.7200000000000002,134,134,0,68,66,50.74626865671642,1.478770963873358,6.793465209301002,3802.99040764,38.0299040764,13802.99040764,81.93975588462104
0.6700000000000002,0.7300000000000002,134,134,0,68,66,50.74626865671642,1.478770963873358,6.793465209301002,3802.99040764,38.0299040764,13802.99040764,81.93975588462104
0.6700000000000002,0.7400000000000002,134,134,0,68,66,50.74626865671642,1.478770963873358,6.793465209301002,3802.99040764,38.0299040764,13802.99040764,81.93975588462104
0.6700000000000002,0.7500000000000002,134,134,0,68,66,50.74626865671642,1.478770963873358,6.793465209301002,3802.99040764,38.0299040764,13802.99040764,81.93975588462104
0.6700000000000002,0.7600000000000002,134,134,0,68,66,50.74626865671642,1.478770963873358,6.793465209301002,3802.99040764,38.0299040764,13802.99040764,81.93975588462104
0.6700000000000002,0.7700000000000002,134,134,0,68,66,50.74626865671642,1.478770963873358,6.793465209301002,3802.99040764,38.0299040764,13802.99040764,81.93975588462104
0.6700000000000002,0.7800000000000002,134,134,0,68,66,50.74626865671642,1.478770963873358,6.793465209301002,3802.99040764,38.0299040764,13802.99040764,81.93975588462104
0.6700000000000002,0.7900000000000003,134,134,0,68,66,50.74626865671642,1.478770963873358,6.793465209301002,3802.99040764,38.0299040764,13802.99040764,81.93975588462104
0.6700000000000002,0.8000000000000003,134,134,0,68,66,50.74626865671642,1.478770963873358,6.793465209301002,3802.99040764,38.0299040764,13802.99040764,81.93975588462104
0.6700000000000002,0.8100000000000003,134,134,0,68,66,50.74626865671642,1.478770963873358,6.793465209301002,3802.99040764,38.0299040764,13802.99040764,81.93975588462104
0.6700000000000002,0.8200000000000003,134,134,0,68,66,50.74626865671642,1.478770963873358,6.793465209301002,3802.99040764,38.0299040764,13802.99040764,81.93975588462104
0.6700000000000002,0.8300000000000003,134,134,0,68,66,50.74626865671642,1.478770963873358,6.793465209301002,3802.99040764,38.0299040764,13802.99040764,81.93975588462104
0.6700000000000002,0.8400000000000003,134,134,0,68,66,50.74626865671642,1.478770963873358,6.793465209301002,3802.99040764,38.0299040764,13802.99040764,81.93975588462104
0.6700000000000002,0.8500000000000003,134,134,0,68,66,50.74626865671642,1.478770963873358,6.793465209301002,3802.99040764,38.0299040764,13802.99040764,81.93975588462104
0.6100000000000001,0.6400000000000001,165,164,1,76,89,46.06060606060606,1.2250456775980276,9.894957293589886,2301.0313624255778,23.010313624255776,12301.031362425578,81.79175691869045
0.6100000000000001,0.6500000000000001,165,164,1,76,89,46.06060606060606,1.2250456775980276,9.894957293589886,2301.0313624255778,23.010313624255776,12301.031362425578,81.79175691869045
0.5700000000000001,0.6600000000000001,235,235,0,116,119,49.361702127659576,1.395408866576908,7.529712293176462,6247.69219433346,62.476921943334595,16247.69219433346,81.69802167580833
0.5700000000000001,0.6700000000000002,235,235,0,116,119,49.361702127659576,1.395408866576908,7.529712293176462,6247.69219433346,62.476921943334595,16247.69219433346,81.69802167580833
0.5700000000000001,0.6800000000000002,235,235,0,116,119,49.361702127659576,1.395408866576908,7.529712293176462,6247.69219433346,62.476921943334595,16247.69219433346,81.69802167580833
0.5700000000000001,0.6900000000000002,235,235,0,116,119,49.361702127659576,1.395408866576908,7.529712293176462,6247.69219433346,62.476921943334595,16247.69219433346,81.69802167580833
0.5700000000000001,0.7000000000000002,235,235,0,116,119,49.361702127659576,1.395408866576908,7.529712293176462,6247.69219433346,62.476921943334595,16247.69219433346,81.69802167580833
0.5700000000000001,0.7100000000000002,235,235,0,116,119,49.361702127659576,1.395408866576908,7.529712293176462,6247.69219433346,62.476921943334595,16247.69219433346,81.69802167580833
0.5700000000000001,0.7200000000000002,235,235,0,116,119,49.361702127659576,1.395408866576908,7.529712293176462,6247.69219433346,62.476921943334595,16247.69219433346,81.69802167580833
0.5700000000000001,0.7300000000000002,235,235,0,116,119,49.361702127659576,1.395408866576908,7.529712293176462,6247.69219433346,62.476921943334595,16247.69219433346,81.69802167580833
0.5700000000000001,0.7400000000000002,235,235,0,116,119,49.361702127659576,1.395408866576908,7.529712293176462,6247.69219433346,62.476921943334595,16247.69219433346,81.69802167580833
0.5700000000000001,0.7500000000000002,235,235,0,116,119,49.361702127659576,1.395408866576908,7.529712293176462,6247.69219433346,62.476921943334595,16247.69219433346,81.69802167580833
0.5700000000000001,0.7600000000000002,235,235,0,116,119,49.361702127659576,1.395408866576908,7.529712293176462,6247.69219433346,62.476921943334595,16247.69219433346,81.69802167580833
0.5700000000000001,0.7700000000000002,235,235,0,116,119,49.361702127659576,1.395408866576908,7.529712293176462,6247.69219433346,62.476921943334595,16247.69219433346,81.69802167580833
0.5700000000000001,0.7800000000000002,235,235,0,116,119,49.361702127659576,1.395408866576908,7.529712293176462,6247.69219433346,62.476921943334595,16247.69219433346,81.69802167580833
0.5700000000000001,0.7900000000000003,235,235,0,116,119,49.361702127659576,1.395408866576908,7.529712293176462,6247.69219433346,62.476921943334595,16247.69219433346,81.69802167580833
0.5700000000000001,0.8000000000000003,235,235,0,116,119,49.361702127659576,1.395408866576908,7.529712293176462,6247.69219433346,62.476921943334595,16247.69219433346,81.69802167580833
0.5700000000000001,0.8100000000000003,235,235,0,116,119,49.361702127659576,1.395408866576908,7.529712293176462,6247.69219433346,62.476921943334595,16247.69219433346,81.69802167580833
0.5700000000000001,0.8200000000000003,235,235,0,116,119,49.361702127659576,1.395408866576908,7.529712293176462,6247.69219433346,62.476921943334595,16247.69219433346,81.69802167580833
0.5700000000000001,0.8300000000000003,235,235,0,116,119,49.361702127659576,1.395408866576908,7.529712293176462,6247.69219433346,62.476921943334595,16247.69219433346,81.69802167580833
0.5700000000000001,0.8400000000000003,235,235,0,116,119,49.361702127659576,1.395408866576908,7.529712293176462,6247.69219433346,62.476921943334595,16247.69219433346,81.69802167580833
0.5700000000000001,0.8500000000000003,235,235,0,116,119,49.361702127659576,1.395408866576908,7.529712293176462,6247.69219433346,62.476921943334595,16247.69219433346,81.69802167580833
0.8000000000000003,0.5900000000000001,99,91,8,45,54,45.45454545454545,1.200401217420819,7.725530557207991,1157.5570836347815,11.575570836347815,11157.557083634782,81.47013975556307
0.8300000000000003,0.56,80,55,25,38,42,47.5,1.2826729440458164,11.08829487576648,1373.2026193273978,13.732026193273978,11373.202619327398,81.17088068683775
0.6100000000000001,0.6300000000000001,166,164,2,76,90,45.78313253012048,1.2130005541644848,9.894957293589835,2178.021048801327,21.78021048801327,12178.021048801327,80.92519458885755
0.51,0.6600000000000001,395,395,0,193,202,48.860759493670884,1.3475934956017739,13.711430097972817,11538.57164155745,115.38571641557449,21538.57164155745,80.84411770706205
0.51,0.6700000000000002,395,395,0,193,202,48.860759493670884,1.3475934956017739,13.711430097972817,11538.57164155745,115.38571641557449,21538.57164155745,80.84411770706205
0.51,0.6800000000000002,395,395,0,193,202,48.860759493670884,1.3475934956017739,13.711430097972817,11538.57164155745,115.38571641557449,21538.57164155745,80.84411770706205
0.51,0.6900000000000002,395,395,0,193,202,48.860759493670884,1.3475934956017739,13.711430097972817,11538.57164155745,115.38571641557449,21538.57164155745,80.84411770706205
0.51,0.7000000000000002,395,395,0,193,202,48.860759493670884,1.3475934956017739,13.711430097972817,11538.57164155745,115.38571641557449,21538.57164155745,80.84411770706205
0.51,0.7100000000000002,395,395,0,193,202,48.860759493670884,1.3475934956017739,13.711430097972817,11538.57164155745,115.38571641557449,21538.57164155745,80.84411770706205
0.51,0.7200000000000002,395,395,0,193,202,48.860759493670884,1.3475934956017739,13.711430097972817,11538.57164155745,115.38571641557449,21538.57164155745,80.84411770706205
0.51,0.7300000000000002,395,395,0,193,202,48.860759493670884,1.3475934956017739,13.711430097972817,11538.57164155745,115.38571641557449,21538.57164155745,80.84411770706205
0.51,0.7400000000000002,395,395,0,193,202,48.860759493670884,1.3475934956017739,13.711430097972817,11538.57164155745,115.38571641557449,21538.57164155745,80.84411770706205
0.51,0.7500000000000002,395,395,0,193,202,48.860759493670884,1.3475934956017739,13.711430097972817,11538.57164155745,115.38571641557449,21538.57164155745,80.84411770706205
0.51,0.7600000000000002,395,395,0,193,202,48.860759493670884,1.3475934956017739,13.711430097972817,11538.57164155745,115.38571641557449,21538.57164155745,80.84411770706205
0.51,0.7700000000000002,395,395,0,193,202,48.860759493670884,1.3475934956017739,13.711430097972817,11538.57164155745,115.38571641557449,21538.57164155745,80.84411770706205
0.51,0.7800000000000002,395,395,0,193,202,48.860759493670884,1.3475934956017739,13.711430097972817,11538.57164155745,115.38571641557449,21538.57164155745,80.84411770706205
0.51,0.7900000000000003,395,395,0,193,202,48.860759493670884,1.3475934956017739,13.711430097972817,11538.57164155745,115.38571641557449,21538.57164155745,80.84411770706205
0.51,0.8000000000000003,395,395,0,193,202,48.860759493670884,1.3475934956017739,13.711430097972817,11538.57164155745,115.38571641557449,21538.57164155745,80.84411770706205
0.51,0.8100000000000003,395,395,0,193,202,48.860759493670884,1.3475934956017739,13.711430097972817,11538.57164155745,115.38571641557449,21538.57164155745,80.84411770706205
0.51,0.8200000000000003,395,395,0,193,202,48.860759493670884,1.3475934956017739,13.711430097972817,11538.57164155745,115.38571641557449,21538.57164155745,80.84411770706205
0.51,0.8300000000000003,395,395,0,193,202,48.860759493670884,1.3475934956017739,13.711430097972817,11538.57164155745,115.38571641557449,21538.57164155745,80.84411770706205
0.51,0.8400000000000003,395,395,0,193,202,48.860759493670884,1.3475934956017739,13.711430097972817,11538.57164155745,115.38571641557449,21538.57164155745,80.84411770706205
0.51,0.8500000000000003,395,395,0,193,202,48.860759493670884,1.3475934956017739,13.711430097972817,11538.57164155745,115.38571641557449,21538.57164155745,80.84411770706205
0.8000000000000003,0.6300000000000001,93,91,2,42,51,45.16129032258064,1.1912694334007323,7.725530557208009,1009.7880821087965,10.097880821087966,11009.788082108797,80.6627028257252
0.6300000000000001,0.6100000000000001,155,152,3,73,82,47.096774193548384,1.268317434738566,12.654863313966064,2636.0282926690743,26.360282926690743,12636.028292669074,80.57084610070588
0.6300000000000001,0.6200000000000001,155,152,3,73,82,47.096774193548384,1.268317434738566,12.654863313966064,2636.0282926690743,26.360282926690743,12636.028292669074,80.57084610070588
0.7600000000000002,0.6600000000000001,110,110,0,55,55,50.0,1.4317606928194841,4.90099501,2768.882537025691,27.688825370256907,12768.88253702569,80.45670027183074
0.7600000000000002,0.6700000000000002,110,110,0,55,55,50.0,1.4317606928194841,4.90099501,2768.882537025691,27.688825370256907,12768.88253702569,80.45670027183074
0.7600000000000002,0.6800000000000002,110,110,0,55,55,50.0,1.4317606928194841,4.90099501,2768.882537025691,27.688825370256907,12768.88253702569,80.45670027183074
0.7600000000000002,0.6900000000000002,110,110,0,55,55,50.0,1.4317606928194841,4.90099501,2768.882537025691,27.688825370256907,12768.88253702569,80.45670027183074
0.7600000000000002,0.7000000000000002,110,110,0,55,55,50.0,1.4317606928194841,4.90099501,2768.882537025691,27.688825370256907,12768.88253702569,80.45670027183074
0.7600000000000002,0.7100000000000002,110,110,0,55,55,50.0,1.4317606928194841,4.90099501,2768.882537025691,27.688825370256907,12768.88253702569,80.45670027183074
0.7600000000000002,0.7200000000000002,110,110,0,55,55,50.0,1.4317606928194841,4.90099501,2768.882537025691,27.688825370256907,12768.88253702569,80.45670027183074
0.7600000000000002,0.7300000000000002,110,110,0,55,55,50.0,1.4317606928194841,4.90099501,2768.882537025691,27.688825370256907,12768.88253702569,80.45670027183074
0.7600000000000002,0.7400000000000002,110,110,0,55,55,50.0,1.4317606928194841,4.90099501,2768.882537025691,27.688825370256907,12768.88253702569,80.45670027183074
0.7600000000000002,0.7500000000000002,110,110,0,55,55,50.0,1.4317606928194841,4.90099501,2768.882537025691,27.688825370256907,12768.88253702569,80.45670027183074
0.7600000000000002,0.7600000000000002,110,110,0,55,55,50.0,1.4317606928194841,4.90099501,2768.882537025691,27.688825370256907,12768.88253702569,80.45670027183074
0.7600000000000002,0.7700000000000002,110,110,0,55,55,50.0,1.4317606928194841,4.90099501,2768.882537025691,27.688825370256907,12768.88253702569,80.45670027183074
0.7600000000000002,0.7800000000000002,110,110,0,55,55,50.0,1.4317606928194841,4.90099501,2768.882537025691,27.688825370256907,12768.88253702569,80.45670027183074
0.7600000000000002,0.7900000000000003,110,110,0,55,55,50.0,1.4317606928194841,4.90099501,2768.882537025691,27.688825370256907,12768.88253702569,80.45670027183074
0.7600000000000002,0.8000000000000003,110,110,0,55,55,50.0,1.4317606928194841,4.90099501,2768.882537025691,27.688825370256907,12768.88253702569,80.45670027183074
0.7600000000000002,0.8100000000000003,110,110,0,55,55,50.0,1.4317606928194841,4.90099501,2768.882537025691,27.688825370256907,12768.88253702569,80.45670027183074
0.7600000000000002,0.8200000000000003,110,110,0,55,55,50.0,1.4317606928194841,4.90099501,2768.882537025691,27.688825370256907,12768.88253702569,80.45670027183074
0.7600000000000002,0.8300000000000003,110,110,0,55,55,50.0,1.4317606928194841,4.90099501,2768.882537025691,27.688825370256907,12768.88253702569,80.45670027183074
0.7600000000000002,0.8400000000000003,110,110,0,55,55,50.0,1.4317606928194841,4.90099501,2768.882537025691,27.688825370256907,12768.88253702569,80.45670027183074
0.7600000000000002,0.8500000000000003,110,110,0,55,55,50.0,1.4317606928194841,4.90099501,2768.882537025691,27.688825370256907,12768.88253702569,80.45670027183074
0.6300000000000001,0.5900000000000001,160,152,8,75,85,46.875,1.2532107196564273,12.265828075166443,2621.352300618264,26.213523006182644,12621.352300618264,80.40989127474396
0.6500000000000001,0.52,250,139,111,123,127,49.2,1.311172527173262,19.886070126811973,6593.471188559677,65.93471188559677,16593.471188559677,80.40473827383188
0.6300000000000001,0.6400000000000001,153,152,1,72,81,47.05882352941176,1.2666182530103725,12.65486331396608,2579.9969860930105,25.799969860930105,12579.99698609301,80.37184088635769
0.6300000000000001,0.6500000000000001,153,152,1,72,81,47.05882352941176,1.2666182530103725,12.65486331396608,2579.9969860930105,25.799969860930105,12579.99698609301,80.37184088635769
0.6100000000000001,0.5700000000000001,182,163,19,86,96,47.25274725274725,1.2709262225736897,14.029308066266951,3253.6796060608795,32.53679606060879,13253.67960606088,79.92681964204253
0.6000000000000001,0.6600000000000001,173,173,0,87,86,50.28901734104046,1.442478760027689,8.666941137061832,4868.918458140011,48.68918458140011,14868.918458140011,79.58108428231509
0.6000000000000001,0.6700000000000002,173,173,0,87,86,50.28901734104046,1.442478760027689,8.666941137061832,4868.918458140011,48.68918458140011,14868.918458140011,79.58108428231509
0.6000000000000001,0.6800000000000002,173,173,0,87,86,50.28901734104046,1.442478760027689,8.666941137061832,4868.918458140011,48.68918458140011,14868.918458140011,79.58108428231509
0.6000000000000001,0.6900000000000002,173,173,0,87,86,50.28901734104046,1.442478760027689,8.666941137061832,4868.918458140011,48.68918458140011,14868.918458140011,79.58108428231509
0.6000000000000001,0.7000000000000002,173,173,0,87,86,50.28901734104046,1.442478760027689,8.666941137061832,4868.918458140011,48.68918458140011,14868.918458140011,79.58108428231509
0.6000000000000001,0.7100000000000002,173,173,0,87,86,50.28901734104046,1.442478760027689,8.666941137061832,4868.918458140011,48.68918458140011,14868.918458140011,79.58108428231509
0.6000000000000001,0.7200000000000002,173,173,0,87,86,50.28901734104046,1.442478760027689,8.666941137061832,4868.918458140011,48.68918458140011,14868.918458140011,79.58108428231509
0.6000000000000001,0.7300000000000002,173,173,0,87,86,50.28901734104046,1.442478760027689,8.666941137061832,4868.918458140011,48.68918458140011,14868.918458140011,79.58108428231509
0.6000000000000001,0.7400000000000002,173,173,0,87,86,50.28901734104046,1.442478760027689,8.666941137061832,4868.918458140011,48.68918458140011,14868.918458140011,79.58108428231509
0.6000000000000001,0.7500000000000002,173,173,0,87,86,50.28901734104046,1.442478760027689,8.666941137061832,4868.918458140011,48.68918458140011,14868.918458140011,79.58108428231509
0.6000000000000001,0.7600000000000002,173,173,0,87,86,50.28901734104046,1.442478760027689,8.666941137061832,4868.918458140011,48.68918458140011,14868.918458140011,79.58108428231509
0.6000000000000001,0.7700000000000002,173,173,0,87,86,50.28901734104046,1.442478760027689,8.666941137061832,4868.918458140011,48.68918458140011,14868.918458140011,79.58108428231509
0.6000000000000001,0.7800000000000002,173,173,0,87,86,50.28901734104046,1.442478760027689,8.666941137061832,4868.918458140011,48.68918458140011,14868.918458140011,79.58108428231509
0.6000000000000001,0.7900000000000003,173,173,0,87,86,50.28901734104046,1.442478760027689,8.666941137061832,4868.918458140011,48.68918458140011,14868.918458140011,79.58108428231509
0.6000000000000001,0.8000000000000003,173,173,0,87,86,50.28901734104046,1.442478760027689,8.666941137061832,4868.918458140011,48.68918458140011,14868.918458140011,79.58108428231509
0.6000000000000001,0.8100000000000003,173,173,0,87,86,50.28901734104046,1.442478760027689,8.666941137061832,4868.918458140011,48.68918458140011,14868.918458140011,79.58108428231509
0.6000000000000001,0.8200000000000003,173,173,0,87,86,50.28901734104046,1.442478760027689,8.666941137061832,4868.918458140011,48.68918458140011,14868.918458140011,79.58108428231509
0.6000000000000001,0.8300000000000003,173,173,0,87,86,50.28901734104046,1.442478760027689,8.666941137061832,4868.918458140011,48.68918458140011,14868.918458140011,79.58108428231509
0.6000000000000001,0.8400000000000003,173,173,0,87,86,50.28901734104046,1.442478760027689,8.666941137061832,4868.918458140011,48.68918458140011,14868.918458140011,79.58108428231509
0.6000000000000001,0.8500000000000003,173,173,0,87,86,50.28901734104046,1.442478760027689,8.666941137061832,4868.918458140011,48.68918458140011,14868.918458140011,79.58108428231509
0.7700000000000002,0.6600000000000001,108,108,0,55,53,50.92592592592593,1.4787170204414217,7.42218869546702,3028.142574253332,30.28142574253332,13028.142574253332,79.53464588592595
0.7700000000000002,0.6700000000000002,108,108,0,55,53,50.92592592592593,1.4787170204414217,7.42218869546702,3028.142574253332,30.28142574253332,13028.142574253332,79.53464588592595
0.7700000000000002,0.6800000000000002,108,108,0,55,53,50.92592592592593,1.4787170204414217,7.42218869546702,3028.142574253332,30.28142574253332,13028.142574253332,79.53464588592595
0.7700000000000002,0.6900000000000002,108,108,0,55,53,50.92592592592593,1.4787170204414217,7.42218869546702,3028.142574253332,30.28142574253332,13028.142574253332,79.53464588592595
0.7700000000000002,0.7000000000000002,108,108,0,55,53,50.92592592592593,1.4787170204414217,7.42218869546702,3028.142574253332,30.28142574253332,13028.142574253332,79.53464588592595
0.7700000000000002,0.7100000000000002,108,108,0,55,53,50.92592592592593,1.4787170204414217,7.42218869546702,3028.142574253332,30.28142574253332,13028.142574253332,79.53464588592595
0.7700000000000002,0.7200000000000002,108,108,0,55,53,50.92592592592593,1.4787170204414217,7.42218869546702,3028.142574253332,30.28142574253332,13028.142574253332,79.53464588592595
0.7700000000000002,0.7300000000000002,108,108,0,55,53,50.92592592592593,1.4787170204414217,7.42218869546702,3028.142574253332,30.28142574253332,13028.142574253332,79.53464588592595
0.7700000000000002,0.7400000000000002,108,108,0,55,53,50.92592592592593,1.4787170204414217,7.42218869546702,3028.142574253332,30.28142574253332,13028.142574253332,79.53464588592595
0.7700000000000002,0.7500000000000002,108,108,0,55,53,50.92592592592593,1.4787170204414217,7.42218869546702,3028.142574253332,30.28142574253332,13028.142574253332,79.53464588592595
0.7700000000000002,0.7600000000000002,108,108,0,55,53,50.92592592592593,1.4787170204414217,7.42218869546702,3028.142574253332,30.28142574253332,13028.142574253332,79.53464588592595
0.7700000000000002,0.7700000000000002,108,108,0,55,53,50.92592592592593,1.4787170204414217,7.42218869546702,3028.142574253332,30.28142574253332,13028.142574253332,79.53464588592595
0.7700000000000002,0.7800000000000002,108,108,0,55,53,50.92592592592593,1.4787170204414217,7.42218869546702,3028.142574253332,30.28142574253332,13028.142574253332,79.53464588592595
0.7700000000000002,0.7900000000000003,108,108,0,55,53,50.92592592592593,1.4787170204414217,7.42218869546702,3028.142574253332,30.28142574253332,13028.142574253332,79.53464588592595
0.7700000000000002,0.8000000000000003,108,108,0,55,53,50.92592592592593,1.4787170204414217,7.42218869546702,3028.142574253332,30.28142574253332,13028.142574253332,79.53464588592595
0.7700000000000002,0.8100000000000003,108,108,0,55,53,50.92592592592593,1.4787170204414217,7.42218869546702,3028.142574253332,30.28142574253332,13028.142574253332,79.53464588592595
0.7700000000000002,0.8200000000000003,108,108,0,55,53,50.92592592592593,1.4787170204414217,7.42218869546702,3028.142574253332,30.28142574253332,13028.142574253332,79.53464588592595
0.7700000000000002,0.8300000000000003,108,108,0,55,53,50.92592592592593,1.4787170204414217,7.42218869546702,3028.142574253332,30.28142574253332,13028.142574253332,79.53464588592595
0.7700000000000002,0.8400000000000003,108,108,0,55,53,50.92592592592593,1.4787170204414217,7.42218869546702,3028.142574253332,30.28142574253332,13028.142574253332,79.53464588592595
0.7700000000000002,0.8500000000000003,108,108,0,55,53,50.92592592592593,1.4787170204414217,7.42218869546702,3028.142574253332,30.28142574253332,13028.142574253332,79.53464588592595
0.8000000000000003,0.6000000000000001,96,91,5,43,53,44.79166666666667,1.1703614535902969,7.725530557207982,948.2374214442498,9.482374214442498,10948.23742144425,79.51847048402172
0.6300000000000001,0.6300000000000001,154,152,2,72,82,46.75324675324675,1.253456309924096,12.654863313966056,2454.197016232083,24.54197016232083,12454.197016232083,79.44097483510231
0.7900000000000003,0.6600000000000001,99,99,0,50,49,50.505050505050505,1.4496818241844551,6.070552650420842,2614.424284747729,26.14424284747729,12614.424284747729,79.36281781376766
0.7900000000000003,0.6700000000000002,99,99,0,50,49,50.505050505050505,1.4496818241844551,6.070552650420842,2614.424284747729,26.14424284747729,12614.424284747729,79.36281781376766
0.7900000000000003,0.6800000000000002,99,99,0,50,49,50.505050505050505,1.4496818241844551,6.070552650420842,2614.424284747729,26.14424284747729,12614.424284747729,79.36281781376766
0.7900000000000003,0.6900000000000002,99,99,0,50,49,50.505050505050505,1.4496818241844551,6.070552650420842,2614.424284747729,26.14424284747729,12614.424284747729,79.36281781376766
0.7900000000000003,0.7000000000000002,99,99,0,50,49,50.505050505050505,1.4496818241844551,6.070552650420842,2614.424284747729,26.14424284747729,12614.424284747729,79.36281781376766
0.7900000000000003,0.7100000000000002,99,99,0,50,49,50.505050505050505,1.4496818241844551,6.070552650420842,2614.424284747729,26.14424284747729,12614.424284747729,79.36281781376766
0.7900000000000003,0.7200000000000002,99,99,0,50,49,50.505050505050505,1.4496818241844551,6.070552650420842,2614.424284747729,26.14424284747729,12614.424284747729,79.36281781376766
0.7900000000000003,0.7300000000000002,99,99,0,50,49,50.505050505050505,1.4496818241844551,6.070552650420842,2614.424284747729,26.14424284747729,12614.424284747729,79.36281781376766
0.7900000000000003,0.7400000000000002,99,99,0,50,49,50.505050505050505,1.4496818241844551,6.070552650420842,2614.424284747729,26.14424284747729,12614.424284747729,79.36281781376766
0.7900000000000003,0.7500000000000002,99,99,0,50,49,50.505050505050505,1.4496818241844551,6.070552650420842,2614.424284747729,26.14424284747729,12614.424284747729,79.36281781376766
0.7900000000000003,0.7600000000000002,99,99,0,50,49,50.505050505050505,1.4496818241844551,6.070552650420842,2614.424284747729,26.14424284747729,12614.424284747729,79.36281781376766
0.7900000000000003,0.7700000000000002,99,99,0,50,49,50.505050505050505,1.4496818241844551,6.070552650420842,2614.424284747729,26.14424284747729,12614.424284747729,79.36281781376766
0.7900000000000003,0.7800000000000002,99,99,0,50,49,50.505050505050505,1.4496818241844551,6.070552650420842,2614.424284747729,26.14424284747729,12614.424284747729,79.36281781376766
0.7900000000000003,0.7900000000000003,99,99,0,50,49,50.505050505050505,1.4496818241844551,6.070552650420842,2614.424284747729,26.14424284747729,12614.424284747729,79.36281781376766
0.7900000000000003,0.8000000000000003,99,99,0,50,49,50.505050505050505,1.4496818241844551,6.070552650420842,2614.424284747729,26.14424284747729,12614.424284747729,79.36281781376766
0.7900000000000003,0.8100000000000003,99,99,0,50,49,50.505050505050505,1.4496818241844551,6.070552650420842,2614.424284747729,26.14424284747729,12614.424284747729,79.36281781376766
0.7900000000000003,0.8200000000000003,99,99,0,50,49,50.505050505050505,1.4496818241844551,6.070552650420842,2614.424284747729,26.14424284747729,12614.424284747729,79.36281781376766
0.7900000000000003,0.8300000000000003,99,99,0,50,49,50.505050505050505,1.4496818241844551,6.070552650420842,2614.424284747729,26.14424284747729,12614.424284747729,79.36281781376766
0.7900000000000003,0.8400000000000003,99,99,0,50,49,50.505050505050505,1.4496818241844551,6.070552650420842,2614.424284747729,26.14424284747729,12614.424284747729,79.36281781376766
0.7900000000000003,0.8500000000000003,99,99,0,50,49,50.505050505050505,1.4496818241844551,6.070552650420842,2614.424284747729,26.14424284747729,12614.424284747729,79.36281781376766
0.6200000000000001,0.6600000000000001,158,158,0,79,79,50.0,1.440440334218468,8.046671135412996,4206.076654043516,42.06076654043516,14206.076654043516,78.95975997370626
0.6200000000000001,0.6700000000000002,158,158,0,79,79,50.0,1.440440334218468,8.046671135412996,4206.076654043516,42.06076654043516,14206.076654043516,78.95975997370626
0.6200000000000001,0.6800000000000002,158,158,0,79,79,50.0,1.440440334218468,8.046671135412996,4206.076654043516,42.06076654043516,14206.076654043516,78.95975997370626
0.6200000000000001,0.6900000000000002,158,158,0,79,79,50.0,1.440440334218468,8.046671135412996,4206.076654043516,42.06076654043516,14206.076654043516,78.95975997370626
0.6200000000000001,0.7000000000000002,158,158,0,79,79,50.0,1.440440334218468,8.046671135412996,4206.076654043516,42.06076654043516,14206.076654043516,78.95975997370626
0.6200000000000001,0.7100000000000002,158,158,0,79,79,50.0,1.440440334218468,8.046671135412996,4206.076654043516,42.06076654043516,14206.076654043516,78.95975997370626
0.6200000000000001,0.7200000000000002,158,158,0,79,79,50.0,1.440440334218468,8.046671135412996,4206.076654043516,42.06076654043516,14206.076654043516,78.95975997370626
0.6200000000000001,0.7300000000000002,158,158,0,79,79,50.0,1.440440334218468,8.046671135412996,4206.076654043516,42.06076654043516,14206.076654043516,78.95975997370626
0.6200000000000001,0.7400000000000002,158,158,0,79,79,50.0,1.440440334218468,8.046671135412996,4206.076654043516,42.06076654043516,14206.076654043516,78.95975997370626
0.6200000000000001,0.7500000000000002,158,158,0,79,79,50.0,1.440440334218468,8.046671135412996,4206.076654043516,42.06076654043516,14206.076654043516,78.95975997370626
0.6200000000000001,0.7600000000000002,158,158,0,79,79,50.0,1.440440334218468,8.046671135412996,4206.076654043516,42.06076654043516,14206.076654043516,78.95975997370626
0.6200000000000001,0.7700000000000002,158,158,0,79,79,50.0,1.440440334218468,8.046671135412996,4206.076654043516,42.06076654043516,14206.076654043516,78.95975997370626
0.6200000000000001,0.7800000000000002,158,158,0,79,79,50.0,1.440440334218468,8.046671135412996,4206.076654043516,42.06076654043516,14206.076654043516,78.95975997370626
0.6200000000000001,0.7900000000000003,158,158,0,79,79,50.0,1.440440334218468,8.046671135412996,4206.076654043516,42.06076654043516,14206.076654043516,78.95975997370626
0.6200000000000001,0.8000000000000003,158,158,0,79,79,50.0,1.440440334218468,8.046671135412996,4206.076654043516,42.06076654043516,14206.076654043516,78.95975997370626
0.6200000000000001,0.8100000000000003,158,158,0,79,79,50.0,1.440440334218468,8.046671135412996,4206.076654043516,42.06076654043516,14206.076654043516,78.95975997370626
0.6200000000000001,0.8200000000000003,158,158,0,79,79,50.0,1.440440334218468,8.046671135412996,4206.076654043516,42.06076654043516,14206.076654043516,78.95975997370626
0.6200000000000001,0.8300000000000003,158,158,0,79,79,50.0,1.440440334218468,8.046671135412996,4206.076654043516,42.06076654043516,14206.076654043516,78.95975997370626
0.6200000000000001,0.8400000000000003,158,158,0,79,79,50.0,1.440440334218468,8.046671135412996,4206.076654043516,42.06076654043516,14206.076654043516,78.95975997370626
0.6200000000000001,0.8500000000000003,158,158,0,79,79,50.0,1.440440334218468,8.046671135412996,4206.076654043516,42.06076654043516,14206.076654043516,78.95975997370626
0.54,0.5800000000000001,321,315,6,147,174,45.794392523364486,1.2211185433096565,14.790048717192045,4651.024116769375,46.51024116769375,14651.024116769375,78.8589131518192
0.6100000000000001,0.6000000000000001,169,164,5,77,92,45.562130177514796,1.1994442371627119,10.796007720654009,2109.9393350071405,21.099393350071406,12109.93933500714,78.78470166429915
0.7800000000000002,0.6600000000000001,102,102,0,51,51,50.0,1.4217474475269696,5.542484129647031,2543.90284120686,25.4390284120686,12543.90284120686,78.64397738902196
0.7800000000000002,0.6700000000000002,102,102,0,51,51,50.0,1.4217474475269696,5.542484129647031,2543.90284120686,25.4390284120686,12543.90284120686,78.64397738902196
0.7800000000000002,0.6800000000000002,102,102,0,51,51,50.0,1.4217474475269696,5.542484129647031,2543.90284120686,25.4390284120686,12543.90284120686,78.64397738902196
0.7800000000000002,0.6900000000000002,102,102,0,51,51,50.0,1.4217474475269696,5.542484129647031,2543.90284120686,25.4390284120686,12543.90284120686,78.64397738902196
0.7800000000000002,0.7000000000000002,102,102,0,51,51,50.0,1.4217474475269696,5.542484129647031,2543.90284120686,25.4390284120686,12543.90284120686,78.64397738902196
0.7800000000000002,0.7100000000000002,102,102,0,51,51,50.0,1.4217474475269696,5.542484129647031,2543.90284120686,25.4390284120686,12543.90284120686,78.64397738902196
0.7800000000000002,0.7200000000000002,102,102,0,51,51,50.0,1.4217474475269696,5.542484129647031,2543.90284120686,25.4390284120686,12543.90284120686,78.64397738902196
0.7800000000000002,0.7300000000000002,102,102,0,51,51,50.0,1.4217474475269696,5.542484129647031,2543.90284120686,25.4390284120686,12543.90284120686,78.64397738902196
0.7800000000000002,0.7400000000000002,102,102,0,51,51,50.0,1.4217474475269696,5.542484129647031,2543.90284120686,25.4390284120686,12543.90284120686,78.64397738902196
0.7800000000000002,0.7500000000000002,102,102,0,51,51,50.0,1.4217474475269696,5.542484129647031,2543.90284120686,25.4390284120686,12543.90284120686,78.64397738902196
0.7800000000000002,0.7600000000000002,102,102,0,51,51,50.0,1.4217474475269696,5.542484129647031,2543.90284120686,25.4390284120686,12543.90284120686,78.64397738902196
0.7800000000000002,0.7700000000000002,102,102,0,51,51,50.0,1.4217474475269696,5.542484129647031,2543.90284120686,25.4390284120686,12543.90284120686,78.64397738902196
0.7800000000000002,0.7800000000000002,102,102,0,51,51,50.0,1.4217474475269696,5.542484129647031,2543.90284120686,25.4390284120686,12543.90284120686,78.64397738902196
0.7800000000000002,0.7900000000000003,102,102,0,51,51,50.0,1.4217474475269696,5.542484129647031,2543.90284120686,25.4390284120686,12543.90284120686,78.64397738902196
0.7800000000000002,0.8000000000000003,102,102,0,51,51,50.0,1.4217474475269696,5.542484129647031,2543.90284120686,25.4390284120686,12543.90284120686,78.64397738902196
0.7800000000000002,0.8100000000000003,102,102,0,51,51,50.0,1.4217474475269696,5.542484129647031,2543.90284120686,25.4390284120686,12543.90284120686,78.64397738902196
0.7800000000000002,0.8200000000000003,102,102,0,51,51,50.0,1.4217474475269696,5.542484129647031,2543.90284120686,25.4390284120686,12543.90284120686,78.64397738902196
0.7800000000000002,0.8300000000000003,102,102,0,51,51,50.0,1.4217474475269696,5.542484129647031,2543.90284120686,25.4390284120686,12543.90284120686,78.64397738902196
0.7800000000000002,0.8400000000000003,102,102,0,51,51,50.0,1.4217474475269696,5.542484129647031,2543.90284120686,25.4390284120686,12543.90284120686,78.64397738902196
0.7800000000000002,0.8500000000000003,102,102,0,51,51,50.0,1.4217474475269696,5.542484129647031,2543.90284120686,25.4390284120686,12543.90284120686,78.64397738902196
0.54,0.5700000000000001,322,312,10,147,175,45.65217391304348,1.2131141792263718,14.790048717192045,4504.51387560168,45.045138756016804,14504.51387560168,78.1746088009919
0.6100000000000001,0.5800000000000001,174,163,11,80,94,45.97701149425287,1.2148052770473545,12.283754786518678,2396.438514714253,23.96438514714253,12396.438514714253,77.9479616786711
0.55,0.56,297,282,15,136,161,45.79124579124579,1.2116541819846653,14.790048717192114,4235.3128362368225,42.353128362368224,14235.312836236822,77.64734277169498
0.6300000000000001,0.6000000000000001,157,152,5,73,84,46.496815286624205,1.237340683902586,13.528314680826417,2384.571329644954,23.84571329644954,12384.571329644954,77.21870563746583
0.8400000000000003,0.5700000000000001,55,35,20,25,30,45.45454545454545,1.1921671191752883,9.9812153923338,627.4063710694645,6.274063710694645,10627.406371069465,76.69694714792249
0.8100000000000003,0.5700000000000001,99,79,20,44,55,44.44444444444444,1.1492687491398477,9.158980722910623,887.0308622101638,8.87030862210164,10887.030862210164,76.22856282787055
0.7300000000000002,0.6600000000000001,122,122,0,60,62,49.18032786885246,1.393613901088096,6.595668983006564,2795.9797441634946,27.959797441634947,12795.979744163495,76.03317599176722
0.7300000000000002,0.6700000000000002,122,122,0,60,62,49.18032786885246,1.393613901088096,6.595668983006564,2795.9797441634946,27.959797441634947,12795.979744163495,76.03317599176722
0.7300000000000002,0.6800000000000002,122,122,0,60,62,49.18032786885246,1.393613901088096,6.595668983006564,2795.9797441634946,27.959797441634947,12795.979744163495,76.03317599176722
0.7300000000000002,0.6900000000000002,122,122,0,60,62,49.18032786885246,1.393613901088096,6.595668983006564,2795.9797441634946,27.959797441634947,12795.979744163495,76.03317599176722
0.7300000000000002,0.7000000000000002,122,122,0,60,62,49.18032786885246,1.393613901088096,6.595668983006564,2795.9797441634946,27.959797441634947,12795.979744163495,76.03317599176722
0.7300000000000002,0.7100000000000002,122,122,0,60,62,49.18032786885246,1.393613901088096,6.595668983006564,2795.9797441634946,27.959797441634947,12795.979744163495,76.03317599176722
0.7300000000000002,0.7200000000000002,122,122,0,60,62,49.18032786885246,1.393613901088096,6.595668983006564,2795.9797441634946,27.959797441634947,12795.979744163495,76.03317599176722
0.7300000000000002,0.7300000000000002,122,122,0,60,62,49.18032786885246,1.393613901088096,6.595668983006564,2795.9797441634946,27.959797441634947,12795.979744163495,76.03317599176722
0.7300000000000002,0.7400000000000002,122,122,0,60,62,49.18032786885246,1.393613901088096,6.595668983006564,2795.9797441634946,27.959797441634947,12795.979744163495,76.03317599176722
0.7300000000000002,0.7500000000000002,122,122,0,60,62,49.18032786885246,1.393613901088096,6.595668983006564,2795.9797441634946,27.959797441634947,12795.979744163495,76.03317599176722
0.7300000000000002,0.7600000000000002,122,122,0,60,62,49.18032786885246,1.393613901088096,6.595668983006564,2795.9797441634946,27.959797441634947,12795.979744163495,76.03317599176722
0.7300000000000002,0.7700000000000002,122,122,0,60,62,49.18032786885246,1.393613901088096,6.595668983006564,2795.9797441634946,27.959797441634947,12795.979744163495,76.03317599176722
0.7300000000000002,0.7800000000000002,122,122,0,60,62,49.18032786885246,1.393613901088096,6.595668983006564,2795.9797441634946,27.959797441634947,12795.979744163495,76.03317599176722
0.7300000000000002,0.7900000000000003,122,122,0,60,62,49.18032786885246,1.393613901088096,6.595668983006564,2795.9797441634946,27.959797441634947,12795.979744163495,76.03317599176722
0.7300000000000002,0.8000000000000003,122,122,0,60,62,49.18032786885246,1.393613901088096,6.595668983006564,2795.9797441634946,27.959797441634947,12795.979744163495,76.03317599176722
0.7300000000000002,0.8100000000000003,122,122,0,60,62,49.18032786885246,1.393613901088096,6.595668983006564,2795.9797441634946,27.959797441634947,12795.979744163495,76.03317599176722
0.7300000000000002,0.8200000000000003,122,122,0,60,62,49.18032786885246,1.393613901088096,6.595668983006564,2795.9797441634946,27.959797441634947,12795.979744163495,76.03317599176722
0.7300000000000002,0.8300000000000003,122,122,0,60,62,49.18032786885246,1.393613901088096,6.595668983006564,2795.9797441634946,27.959797441634947,12795.979744163495,76.03317599176722
0.7300000000000002,0.8400000000000003,122,122,0,60,62,49.18032786885246,1.393613901088096,6.595668983006564,2795.9797441634946,27.959797441634947,12795.979744163495,76.03317599176722
0.7300000000000002,0.8500000000000003,122,122,0,60,62,49.18032786885246,1.393613901088096,6.595668983006564,2795.9797441634946,27.959797441634947,12795.979744163495,76.03317599176722
0.6500000000000001,0.5700000000000001,159,140,19,77,82,48.42767295597484,1.3143200479048833,18.68317923596286,3390.2911940058966,33.902911940058964,13390.291194005897,75.54245192825024
0.55,0.5800000000000001,292,285,7,132,160,45.20547945205479,1.1867086697352793,14.790048717192118,3569.142056365008,35.691420563650084,13569.142056365008,75.0242975523804
0.54,0.6600000000000001,317,317,0,151,166,47.63406940063091,1.3117507634575312,10.08576683339791,6825.417845656892,68.25417845656891,16825.41784565689,74.80925067983362
0.54,0.6700000000000002,317,317,0,151,166,47.63406940063091,1.3117507634575312,10.08576683339791,6825.417845656892,68.25417845656891,16825.41784565689,74.80925067983362
0.54,0.6800000000000002,317,317,0,151,166,47.63406940063091,1.3117507634575312,10.08576683339791,6825.417845656892,68.25417845656891,16825.41784565689,74.80925067983362
0.54,0.6900000000000002,317,317,0,151,166,47.63406940063091,1.3117507634575312,10.08576683339791,6825.417845656892,68.25417845656891,16825.41784565689,74.80925067983362
0.54,0.7000000000000002,317,317,0,151,166,47.63406940063091,1.3117507634575312,10.08576683339791,6825.417845656892,68.25417845656891,16825.41784565689,74.80925067983362
0.54,0.7100000000000002,317,317,0,151,166,47.63406940063091,1.3117507634575312,10.08576683339791,6825.417845656892,68.25417845656891,16825.41784565689,74.80925067983362
0.54,0.7200000000000002,317,317,0,151,166,47.63406940063091,1.3117507634575312,10.08576683339791,6825.417845656892,68.25417845656891,16825.41784565689,74.80925067983362
0.54,0.7300000000000002,317,317,0,151,166,47.63406940063091,1.3117507634575312,10.08576683339791,6825.417845656892,68.25417845656891,16825.41784565689,74.80925067983362
0.54,0.7400000000000002,317,317,0,151,166,47.63406940063091,1.3117507634575312,10.08576683339791,6825.417845656892,68.25417845656891,16825.41784565689,74.80925067983362
0.54,0.7500000000000002,317,317,0,151,166,47.63406940063091,1.3117507634575312,10.08576683339791,6825.417845656892,68.25417845656891,16825.41784565689,74.80925067983362
0.54,0.7600000000000002,317,317,0,151,166,47.63406940063091,1.3117507634575312,10.08576683339791,6825.417845656892,68.25417845656891,16825.41784565689,74.80925067983362
0.54,0.7700000000000002,317,317,0,151,166,47.63406940063091,1.3117507634575312,10.08576683339791,6825.417845656892,68.25417845656891,16825.41784565689,74.80925067983362
0.54,0.7800000000000002,317,317,0,151,166,47.63406940063091,1.3117507634575312,10.08576683339791,6825.417845656892,68.25417845656891,16825.41784565689,74.80925067983362
0.54,0.7900000000000003,317,317,0,151,166,47.63406940063091,1.3117507634575312,10.08576683339791,6825.417845656892,68.25417845656891,16825.41784565689,74.80925067983362
0.54,0.8000000000000003,317,317,0,151,166,47.63406940063091,1.3117507634575312,10.08576683339791,6825.417845656892,68.25417845656891,16825.41784565689,74.80925067983362
0.54,0.8100000000000003,317,317,0,151,166,47.63406940063091,1.3117507634575312,10.08576683339791,6825.417845656892,68.25417845656891,16825.41784565689,74.80925067983362
0.54,0.8200000000000003,317,317,0,151,166,47.63406940063091,1.3117507634575312,10.08576683339791,6825.417845656892,68.25417845656891,16825.41784565689,74.80925067983362
0.54,0.8300000000000003,317,317,0,151,166,47.63406940063091,1.3117507634575312,10.08576683339791,6825.417845656892,68.25417845656891,16825.41784565689,74.80925067983362
0.54,0.8400000000000003,317,317,0,151,166,47.63406940063091,1.3117507634575312,10.08576683339791,6825.417845656892,68.25417845656891,16825.41784565689,74.80925067983362
0.54,0.8500000000000003,317,317,0,151,166,47.63406940063091,1.3117507634575312,10.08576683339791,6825.417845656892,68.25417845656891,16825.41784565689,74.80925067983362
0.7500000000000002,0.6600000000000001,115,115,0,56,59,48.69565217391305,1.3642187200312172,6.070552650420849,2444.817386437053,24.448173864370528,12444.817386437053,74.70038068544805
0.7500000000000002,0.6700000000000002,115,115,0,56,59,48.69565217391305,1.3642187200312172,6.070552650420849,2444.817386437053,24.448173864370528,12444.817386437053,74.70038068544805
0.7500000000000002,0.6800000000000002,115,115,0,56,59,48.69565217391305,1.3642187200312172,6.070552650420849,2444.817386437053,24.448173864370528,12444.817386437053,74.70038068544805
0.7500000000000002,0.6900000000000002,115,115,0,56,59,48.69565217391305,1.3642187200312172,6.070552650420849,2444.817386437053,24.448173864370528,12444.817386437053,74.70038068544805
0.7500000000000002,0.7000000000000002,115,115,0,56,59,48.69565217391305,1.3642187200312172,6.070552650420849,2444.817386437053,24.448173864370528,12444.817386437053,74.70038068544805
0.7500000000000002,0.7100000000000002,115,115,0,56,59,48.69565217391305,1.3642187200312172,6.070552650420849,2444.817386437053,24.448173864370528,12444.817386437053,74.70038068544805
0.7500000000000002,0.7200000000000002,115,115,0,56,59,48.69565217391305,1.3642187200312172,6.070552650420849,2444.817386437053,24.448173864370528,12444.817386437053,74.70038068544805
0.7500000000000002,0.7300000000000002,115,115,0,56,59,48.69565217391305,1.3642187200312172,6.070552650420849,2444.817386437053,24.448173864370528,12444.817386437053,74.70038068544805
0.7500000000000002,0.7400000000000002,115,115,0,56,59,48.69565217391305,1.3642187200312172,6.070552650420849,2444.817386437053,24.448173864370528,12444.817386437053,74.70038068544805
0.7500000000000002,0.7500000000000002,115,115,0,56,59,48.69565217391305,1.3642187200312172,6.070552650420849,2444.817386437053,24.448173864370528,12444.817386437053,74.70038068544805
0.7500000000000002,0.7600000000000002,115,115,0,56,59,48.69565217391305,1.3642187200312172,6.070552650420849,2444.817386437053,24.448173864370528,12444.817386437053,74.70038068544805
0.7500000000000002,0.7700000000000002,115,115,0,56,59,48.69565217391305,1.3642187200312172,6.070552650420849,2444.817386437053,24.448173864370528,12444.817386437053,74.70038068544805
0.7500000000000002,0.7800000000000002,115,115,0,56,59,48.69565217391305,1.3642187200312172,6.070552650420849,2444.817386437053,24.448173864370528,12444.817386437053,74.70038068544805
0.7500000000000002,0.7900000000000003,115,115,0,56,59,48.69565217391305,1.3642187200312172,6.070552650420849,2444.817386437053,24.448173864370528,12444.817386437053,74.70038068544805
0.7500000000000002,0.8000000000000003,115,115,0,56,59,48.69565217391305,1.3642187200312172,6.070552650420849,2444.817386437053,24.448173864370528,12444.817386437053,74.70038068544805
0.7500000000000002,0.8100000000000003,115,115,0,56,59,48.69565217391305,1.3642187200312172,6.070552650420849,2444.817386437053,24.448173864370528,12444.817386437053,74.70038068544805
0.7500000000000002,0.8200000000000003,115,115,0,56,59,48.69565217391305,1.3642187200312172,6.070552650420849,2444.817386437053,24.448173864370528,12444.817386437053,74.70038068544805
0.7500000000000002,0.8300000000000003,115,115,0,56,59,48.69565217391305,1.3642187200312172,6.070552650420849,2444.817386437053,24.448173864370528,12444.817386437053,74.70038068544805
0.7500000000000002,0.8400000000000003,115,115,0,56,59,48.69565217391305,1.3642187200312172,6.070552650420849,2444.817386437053,24.448173864370528,12444.817386437053,74.70038068544805
0.7500000000000002,0.8500000000000003,115,115,0,56,59,48.69565217391305,1.3642187200312172,6.070552650420849,2444.817386437053,24.448173864370528,12444.817386437053,74.70038068544805
0.8300000000000003,0.52,168,55,113,80,88,47.61904761904761,1.2635131453069004,17.529666289223055,3166.967484764582,31.66967484764582,13166.967484764582,74.38948515749442
0.6600000000000001,0.6600000000000001,137,137,0,68,69,49.63503649635037,1.4142427390020977,9.264487140427196,3393.0277895426952,33.930277895426954,13393.027789542695,74.27655267670369
0.6600000000000001,0.6700000000000002,137,137,0,68,69,49.63503649635037,1.4142427390020977,9.264487140427196,3393.0277895426952,33.930277895426954,13393.027789542695,74.27655267670369
0.6600000000000001,0.6800000000000002,137,137,0,68,69,49.63503649635037,1.4142427390020977,9.264487140427196,3393.0277895426952,33.930277895426954,13393.027789542695,74.27655267670369
0.6600000000000001,0.6900000000000002,137,137,0,68,69,49.63503649635037,1.4142427390020977,9.264487140427196,3393.0277895426952,33.930277895426954,13393.027789542695,74.27655267670369
0.6600000000000001,0.7000000000000002,137,137,0,68,69,49.63503649635037,1.4142427390020977,9.264487140427196,3393.0277895426952,33.930277895426954,13393.027789542695,74.27655267670369
0.6600000000000001,0.7100000000000002,137,137,0,68,69,49.63503649635037,1.4142427390020977,9.264487140427196,3393.0277895426952,33.930277895426954,13393.027789542695,74.27655267670369
0.6600000000000001,0.7200000000000002,137,137,0,68,69,49.63503649635037,1.4142427390020977,9.264487140427196,3393.0277895426952,33.930277895426954,13393.027789542695,74.27655267670369
0.6600000000000001,0.7300000000000002,137,137,0,68,69,49.63503649635037,1.4142427390020977,9.264487140427196,3393.0277895426952,33.930277895426954,13393.027789542695,74.27655267670369
0.6600000000000001,0.7400000000000002,137,137,0,68,69,49.63503649635037,1.4142427390020977,9.264487140427196,3393.0277895426952,33.930277895426954,13393.027789542695,74.27655267670369
0.6600000000000001,0.7500000000000002,137,137,0,68,69,49.63503649635037,1.4142427390020977,9.264487140427196,3393.0277895426952,33.930277895426954,13393.027789542695,74.27655267670369
0.6600000000000001,0.7600000000000002,137,137,0,68,69,49.63503649635037,1.4142427390020977,9.264487140427196,3393.0277895426952,33.930277895426954,13393.027789542695,74.27655267670369
0.6600000000000001,0.7700000000000002,137,137,0,68,69,49.63503649635037,1.4142427390020977,9.264487140427196,3393.0277895426952,33.930277895426954,13393.027789542695,74.27655267670369
0.6600000000000001,0.7800000000000002,137,137,0,68,69,49.63503649635037,1.4142427390020977,9.264487140427196,3393.0277895426952,33.930277895426954,13393.027789542695,74.27655267670369
0.6600000000000001,0.7900000000000003,137,137,0,68,69,49.63503649635037,1.4142427390020977,9.264487140427196,3393.0277895426952,33.930277895426954,13393.027789542695,74.27655267670369
0.6600000000000001,0.8000000000000003,137,137,0,68,69,49.63503649635037,1.4142427390020977,9.264487140427196,3393.0277895426952,33.930277895426954,13393.027789542695,74.27655267670369
0.6600000000000001,0.8100000000000003,137,137,0,68,69,49.63503649635037,1.4142427390020977,9.264487140427196,3393.0277895426952,33.930277895426954,13393.027789542695,74.27655267670369
0.6600000000000001,0.8200000000000003,137,137,0,68,69,49.63503649635037,1.4142427390020977,9.264487140427196,3393.0277895426952,33.930277895426954,13393.027789542695,74.27655267670369
0.6600000000000001,0.8300000000000003,137,137,0,68,69,49.63503649635037,1.4142427390020977,9.264487140427196,3393.0277895426952,33.930277895426954,13393.027789542695,74.27655267670369
0.6600000000000001,0.8400000000000003,137,137,0,68,69,49.63503649635037,1.4142427390020977,9.264487140427196,3393.0277895426952,33.930277895426954,13393.027789542695,74.27655267670369
0.6600000000000001,0.8500000000000003,137,137,0,68,69,49.63503649635037,1.4142427390020977,9.264487140427196,3393.0277895426952,33.930277895426954,13393.027789542695,74.27655267670369
0.55,0.5700000000000001,294,283,11,132,162,44.89795918367347,1.1712660145844982,14.790048717192118,3299.1161294433514,32.99116129443351,13299.116129443351,73.71277935831517
0.6500000000000001,0.5800000000000001,151,140,11,71,80,47.019867549668874,1.2530414456008279,17.032118391962968,2524.214136329796,25.24214136329796,12524.214136329796,73.13184228358269
0.56,0.6600000000000001,261,261,0,125,136,47.89272030651341,1.3169304258688135,9.876542379818254,5604.279221722689,56.04279221722689,15604.279221722689,73.01732206172726
0.56,0.6700000000000002,261,261,0,125,136,47.89272030651341,1.3169304258688135,9.876542379818254,5604.279221722689,56.04279221722689,15604.279221722689,73.01732206172726
0.56,0.6800000000000002,261,261,0,125,136,47.89272030651341,1.3169304258688135,9.876542379818254,5604.279221722689,56.04279221722689,15604.279221722689,73.01732206172726
0.56,0.6900000000000002,261,261,0,125,136,47.89272030651341,1.3169304258688135,9.876542379818254,5604.279221722689,56.04279221722689,15604.279221722689,73.01732206172726
0.56,0.7000000000000002,261,261,0,125,136,47.89272030651341,1.3169304258688135,9.876542379818254,5604.279221722689,56.04279221722689,15604.279221722689,73.01732206172726
0.56,0.7100000000000002,261,261,0,125,136,47.89272030651341,1.3169304258688135,9.876542379818254,5604.279221722689,56.04279221722689,15604.279221722689,73.01732206172726
0.56,0.7200000000000002,261,261,0,125,136,47.89272030651341,1.3169304258688135,9.876542379818254,5604.279221722689,56.04279221722689,15604.279221722689,73.01732206172726
0.56,0.7300000000000002,261,261,0,125,136,47.89272030651341,1.3169304258688135,9.876542379818254,5604.279221722689,56.04279221722689,15604.279221722689,73.01732206172726
0.56,0.7400000000000002,261,261,0,125,136,47.89272030651341,1.3169304258688135,9.876542379818254,5604.279221722689,56.04279221722689,15604.279221722689,73.01732206172726
0.56,0.7500000000000002,261,261,0,125,136,47.89272030651341,1.3169304258688135,9.876542379818254,5604.279221722689,56.04279221722689,15604.279221722689,73.01732206172726
0.56,0.7600000000000002,261,261,0,125,136,47.89272030651341,1.3169304258688135,9.876542379818254,5604.279221722689,56.04279221722689,15604.279221722689,73.01732206172726
0.56,0.7700000000000002,261,261,0,125,136,47.89272030651341,1.3169304258688135,9.876542379818254,5604.279221722689,56.04279221722689,15604.279221722689,73.01732206172726
0.56,0.7800000000000002,261,261,0,125,136,47.89272030651341,1.3169304258688135,9.876542379818254,5604.279221722689,56.04279221722689,15604.279221722689,73.01732206172726
0.56,0.7900000000000003,261,261,0,125,136,47.89272030651341,1.3169304258688135,9.876542379818254,5604.279221722689,56.04279221722689,15604.279221722689,73.01732206172726
0.56,0.8000000000000003,261,261,0,125,136,47.89272030651341,1.3169304258688135,9.876542379818254,5604.279221722689,56.04279221722689,15604.279221722689,73.01732206172726
0.56,0.8100000000000003,261,261,0,125,136,47.89272030651341,1.3169304258688135,9.876542379818254,5604.279221722689,56.04279221722689,15604.279221722689,73.01732206172726
0.56,0.8200000000000003,261,261,0,125,136,47.89272030651341,1.3169304258688135,9.876542379818254,5604.279221722689,56.04279221722689,15604.279221722689,73.01732206172726
0.56,0.8300000000000003,261,261,0,125,136,47.89272030651341,1.3169304258688135,9.876542379818254,5604.279221722689,56.04279221722689,15604.279221722689,73.01732206172726
0.56,0.8400000000000003,261,261,0,125,136,47.89272030651341,1.3169304258688135,9.876542379818254,5604.279221722689,56.04279221722689,15604.279221722689,73.01732206172726
0.56,0.8500000000000003,261,261,0,125,136,47.89272030651341,1.3169304258688135,9.876542379818254,5604.279221722689,56.04279221722689,15604.279221722689,73.01732206172726
0.6500000000000001,0.6100000000000001,143,140,3,67,76,46.85314685314685,1.2508465119566174,17.400018708634718,2303.545344163309,23.035453441633088,12303.545344163309,71.96749653021267
0.6500000000000001,0.6200000000000001,143,140,3,67,76,46.85314685314685,1.2508465119566174,17.400018708634718,2303.545344163309,23.035453441633088,12303.545344163309,71.96749653021267
0.6500000000000001,0.5900000000000001,148,140,8,69,79,46.62162162162162,1.236127939559777,17.03211839196297,2289.2555111963775,22.892555111963773,12289.255511196377,71.78626182765021
0.55,0.6600000000000001,287,287,0,135,152,47.038327526132406,1.274305387596283,8.966204424058859,5358.73355652065,53.58733556520651,15358.73355652065,71.75953974387053
0.55,0.6700000000000002,287,287,0,135,152,47.038327526132406,1.274305387596283,8.966204424058859,5358.73355652065,53.58733556520651,15358.73355652065,71.75953974387053
0.55,0.6800000000000002,287,287,0,135,152,47.038327526132406,1.274305387596283,8.966204424058859,5358.73355652065,53.58733556520651,15358.73355652065,71.75953974387053
0.55,0.6900000000000002,287,287,0,135,152,47.038327526132406,1.274305387596283,8.966204424058859,5358.73355652065,53.58733556520651,15358.73355652065,71.75953974387053
0.55,0.7000000000000002,287,287,0,135,152,47.038327526132406,1.274305387596283,8.966204424058859,5358.73355652065,53.58733556520651,15358.73355652065,71.75953974387053
0.55,0.7100000000000002,287,287,0,135,152,47.038327526132406,1.274305387596283,8.966204424058859,5358.73355652065,53.58733556520651,15358.73355652065,71.75953974387053
0.55,0.7200000000000002,287,287,0,135,152,47.038327526132406,1.274305387596283,8.966204424058859,5358.73355652065,53.58733556520651,15358.73355652065,71.75953974387053
0.55,0.7300000000000002,287,287,0,135,152,47.038327526132406,1.274305387596283,8.966204424058859,5358.73355652065,53.58733556520651,15358.73355652065,71.75953974387053
0.55,0.7400000000000002,287,287,0,135,152,47.038327526132406,1.274305387596283,8.966204424058859,5358.73355652065,53.58733556520651,15358.73355652065,71.75953974387053
0.55,0.7500000000000002,287,287,0,135,152,47.038327526132406,1.274305387596283,8.966204424058859,5358.73355652065,53.58733556520651,15358.73355652065,71.75953974387053
0.55,0.7600000000000002,287,287,0,135,152,47.038327526132406,1.274305387596283,8.966204424058859,5358.73355652065,53.58733556520651,15358.73355652065,71.75953974387053
0.55,0.7700000000000002,287,287,0,135,152,47.038327526132406,1.274305387596283,8.966204424058859,5358.73355652065,53.58733556520651,15358.73355652065,71.75953974387053
0.55,0.7800000000000002,287,287,0,135,152,47.038327526132406,1.274305387596283,8.966204424058859,5358.73355652065,53.58733556520651,15358.73355652065,71.75953974387053
0.55,0.7900000000000003,287,287,0,135,152,47.038327526132406,1.274305387596283,8.966204424058859,5358.73355652065,53.58733556520651,15358.73355652065,71.75953974387053
0.55,0.8000000000000003,287,287,0,135,152,47.038327526132406,1.274305387596283,8.966204424058859,5358.73355652065,53.58733556520651,15358.73355652065,71.75953974387053
0.55,0.8100000000000003,287,287,0,135,152,47.038327526132406,1.274305387596283,8.966204424058859,5358.73355652065,53.58733556520651,15358.73355652065,71.75953974387053
0.55,0.8200000000000003,287,287,0,135,152,47.038327526132406,1.274305387596283,8.966204424058859,5358.73355652065,53.58733556520651,15358.73355652065,71.75953974387053
0.55,0.8300000000000003,287,287,0,135,152,47.038327526132406,1.274305387596283,8.966204424058859,5358.73355652065,53.58733556520651,15358.73355652065,71.75953974387053
0.55,0.8400000000000003,287,287,0,135,152,47.038327526132406,1.274305387596283,8.966204424058859,5358.73355652065,53.58733556520651,15358.73355652065,71.75953974387053
0.55,0.8500000000000003,287,287,0,135,152,47.038327526132406,1.274305387596283,8.966204424058859,5358.73355652065,53.58733556520651,15358.73355652065,71.75953974387053
0.6500000000000001,0.6400000000000001,141,140,1,66,75,46.808510638297875,1.2487851430549988,17.400018708634736,2248.9883500521682,22.48988350052168,12248.988350052168,71.75360967850112
0.6500000000000001,0.6500000000000001,141,140,1,66,75,46.808510638297875,1.2487851430549988,17.400018708634736,2248.9883500521682,22.48988350052168,12248.988350052168,71.75360967850112
0.6400000000000001,0.6600000000000001,146,146,0,73,73,50.0,1.4163154698188112,12.163811589208006,3832.2821243671697,38.3228212436717,13832.28212436717,71.07146565767478
0.6400000000000001,0.6700000000000002,146,146,0,73,73,50.0,1.4163154698188112,12.163811589208006,3832.2821243671697,38.3228212436717,13832.28212436717,71.07146565767478
0.6400000000000001,0.6800000000000002,146,146,0,73,73,50.0,1.4163154698188112,12.163811589208006,3832.2821243671697,38.3228212436717,13832.28212436717,71.07146565767478
0.6400000000000001,0.6900000000000002,146,146,0,73,73,50.0,1.4163154698188112,12.163811589208006,3832.2821243671697,38.3228212436717,13832.28212436717,71.07146565767478
0.6400000000000001,0.7000000000000002,146,146,0,73,73,50.0,1.4163154698188112,12.163811589208006,3832.2821243671697,38.3228212436717,13832.28212436717,71.07146565767478
0.6400000000000001,0.7100000000000002,146,146,0,73,73,50.0,1.4163154698188112,12.163811589208006,3832.2821243671697,38.3228212436717,13832.28212436717,71.07146565767478
0.6400000000000001,0.7200000000000002,146,146,0,73,73,50.0,1.4163154698188112,12.163811589208006,3832.2821243671697,38.3228212436717,13832.28212436717,71.07146565767478
0.6400000000000001,0.7300000000000002,146,146,0,73,73,50.0,1.4163154698188112,12.163811589208006,3832.2821243671697,38.3228212436717,13832.28212436717,71.07146565767478
0.6400000000000001,0.7400000000000002,146,146,0,73,73,50.0,1.4163154698188112,12.163811589208006,3832.2821243671697,38.3228212436717,13832.28212436717,71.07146565767478
0.6400000000000001,0.7500000000000002,146,146,0,73,73,50.0,1.4163154698188112,12.163811589208006,3832.2821243671697,38.3228212436717,13832.28212436717,71.07146565767478
0.6400000000000001,0.7600000000000002,146,146,0,73,73,50.0,1.4163154698188112,12.163811589208006,3832.2821243671697,38.3228212436717,13832.28212436717,71.07146565767478
0.6400000000000001,0.7700000000000002,146,146,0,73,73,50.0,1.4163154698188112,12.163811589208006,3832.2821243671697,38.3228212436717,13832.28212436717,71.07146565767478
0.6400000000000001,0.7800000000000002,146,146,0,73,73,50.0,1.4163154698188112,12.163811589208006,3832.2821243671697,38.3228212436717,13832.28212436717,71.07146565767478
0.6400000000000001,0.7900000000000003,146,146,0,73,73,50.0,1.4163154698188112,12.163811589208006,3832.2821243671697,38.3228212436717,13832.28212436717,71.07146565767478
0.6400000000000001,0.8000000000000003,146,146,0,73,73,50.0,1.4163154698188112,12.163811589208006,3832.2821243671697,38.3228212436717,13832.28212436717,71.07146565767478
0.6400000000000001,0.8100000000000003,146,146,0,73,73,50.0,1.4163154698188112,12.163811589208006,3832.2821243671697,38.3228212436717,13832.28212436717,71.07146565767478
0.6400000000000001,0.8200000000000003,146,146,0,73,73,50.0,1.4163154698188112,12.163811589208006,3832.2821243671697,38.3228212436717,13832.28212436717,71.07146565767478
0.6400000000000001,0.8300000000000003,146,146,0,73,73,50.0,1.4163154698188112,12.163811589208006,3832.2821243671697,38.3228212436717,13832.28212436717,71.07146565767478
0.6400000000000001,0.8400000000000003,146,146,0,73,73,50.0,1.4163154698188112,12.163811589208006,3832.2821243671697,38.3228212436717,13832.28212436717,71.07146565767478
0.6400000000000001,0.8500000000000003,146,146,0,73,73,50.0,1.4163154698188112,12.163811589208006,3832.2821243671697,38.3228212436717,13832.28212436717,71.07146565767478
0.6500000000000001,0.6300000000000001,142,140,2,66,76,46.478873239436616,1.2349477188903282,17.40001870863472,2126.4984665516567,21.264984665516568,12126.498466551657,70.79031424548268
0.6500000000000001,0.6000000000000001,145,140,5,67,78,46.206896551724135,1.2189272979389203,18.226018521548383,2058.704791814458,20.58704791814458,12058.704791814458,68.63892199472522
0.7400000000000002,0.6600000000000001,120,120,0,58,62,48.333333333333336,1.3537919765245336,9.790183980952689,2430.3634744318715,24.303634744318714,12430.363474431872,68.49379670508272
0.7400000000000002,0.6700000000000002,120,120,0,58,62,48.333333333333336,1.3537919765245336,9.790183980952689,2430.3634744318715,24.303634744318714,12430.363474431872,68.49379670508272
0.7400000000000002,0.6800000000000002,120,120,0,58,62,48.333333333333336,1.3537919765245336,9.790183980952689,2430.3634744318715,24.303634744318714,12430.363474431872,68.49379670508272
0.7400000000000002,0.6900000000000002,120,120,0,58,62,48.333333333333336,1.3537919765245336,9.790183980952689,2430.3634744318715,24.303634744318714,12430.363474431872,68.49379670508272
0.7400000000000002,0.7000000000000002,120,120,0,58,62,48.333333333333336,1.3537919765245336,9.790183980952689,2430.3634744318715,24.303634744318714,12430.363474431872,68.49379670508272
0.7400000000000002,0.7100000000000002,120,120,0,58,62,48.333333333333336,1.3537919765245336,9.790183980952689,2430.3634744318715,24.303634744318714,12430.363474431872,68.49379670508272
0.7400000000000002,0.7200000000000002,120,120,0,58,62,48.333333333333336,1.3537919765245336,9.790183980952689,2430.3634744318715,24.303634744318714,12430.363474431872,68.49379670508272
0.7400000000000002,0.7300000000000002,120,120,0,58,62,48.333333333333336,1.3537919765245336,9.790183980952689,2430.3634744318715,24.303634744318714,12430.363474431872,68.49379670508272
0.7400000000000002,0.7400000000000002,120,120,0,58,62,48.333333333333336,1.3537919765245336,9.790183980952689,2430.3634744318715,24.303634744318714,12430.363474431872,68.49379670508272
0.7400000000000002,0.7500000000000002,120,120,0,58,62,48.333333333333336,1.3537919765245336,9.790183980952689,2430.3634744318715,24.303634744318714,12430.363474431872,68.49379670508272
0.7400000000000002,0.7600000000000002,120,120,0,58,62,48.333333333333336,1.3537919765245336,9.790183980952689,2430.3634744318715,24.303634744318714,12430.363474431872,68.49379670508272
0.7400000000000002,0.7700000000000002,120,120,0,58,62,48.333333333333336,1.3537919765245336,9.790183980952689,2430.3634744318715,24.303634744318714,12430.363474431872,68.49379670508272
0.7400000000000002,0.7800000000000002,120,120,0,58,62,48.333333333333336,1.3537919765245336,9.790183980952689,2430.3634744318715,24.303634744318714,12430.363474431872,68.49379670508272
0.7400000000000002,0.7900000000000003,120,120,0,58,62,48.333333333333336,1.3537919765245336,9.790183980952689,2430.3634744318715,24.303634744318714,12430.363474431872,68.49379670508272
0.7400000000000002,0.8000000000000003,120,120,0,58,62,48.333333333333336,1.3537919765245336,9.790183980952689,2430.3634744318715,24.303634744318714,12430.363474431872,68.49379670508272
0.7400000000000002,0.8100000000000003,120,120,0,58,62,48.333333333333336,1.3537919765245336,9.790183980952689,2430.3634744318715,24.303634744318714,12430.363474431872,68.49379670508272
0.7400000000000002,0.8200000000000003,120,120,0,58,62,48.333333333333336,1.3537919765245336,9.790183980952689,2430.3634744318715,24.303634744318714,12430.363474431872,68.49379670508272
0.7400000000000002,0.8300000000000003,120,120,0,58,62,48.333333333333336,1.3537919765245336,9.790183980952689,2430.3634744318715,24.303634744318714,12430.363474431872,68.49379670508272
0.7400000000000002,0.8400000000000003,120,120,0,58,62,48.333333333333336,1.3537919765245336,9.790183980952689,2430.3634744318715,24.303634744318714,12430.363474431872,68.49379670508272
0.7400000000000002,0.8500000000000003,120,120,0,58,62,48.333333333333336,1.3537919765245336,9.790183980952689,2430.3634744318715,24.303634744318714,12430.363474431872,68.49379670508272
0.6100000000000001,0.6600000000000001,164,164,0,76,88,46.34146341463415,1.239338759567361,8.984805347060512,2425.2842044702757,24.252842044702756,12425.284204470276,64.1176424783613
0.6100000000000001,0.6700000000000002,164,164,0,76,88,46.34146341463415,1.239338759567361,8.984805347060512,2425.2842044702757,24.252842044702756,12425.284204470276,64.1176424783613
0.6100000000000001,0.6800000000000002,164,164,0,76,88,46.34146341463415,1.239338759567361,8.984805347060512,2425.2842044702757,24.252842044702756,12425.284204470276,64.1176424783613
0.6100000000000001,0.6900000000000002,164,164,0,76,88,46.34146341463415,1.239338759567361,8.984805347060512,2425.2842044702757,24.252842044702756,12425.284204470276,64.1176424783613
0.6100000000000001,0.7000000000000002,164,164,0,76,88,46.34146341463415,1.239338759567361,8.984805347060512,2425.2842044702757,24.252842044702756,12425.284204470276,64.1176424783613
0.6100000000000001,0.7100000000000002,164,164,0,76,88,46.34146341463415,1.239338759567361,8.984805347060512,2425.2842044702757,24.252842044702756,12425.284204470276,64.1176424783613
0.6100000000000001,0.7200000000000002,164,164,0,76,88,46.34146341463415,1.239338759567361,8.984805347060512,2425.2842044702757,24.252842044702756,12425.284204470276,64.1176424783613
0.6100000000000001,0.7300000000000002,164,164,0,76,88,46.34146341463415,1.239338759567361,8.984805347060512,2425.2842044702757,24.252842044702756,12425.284204470276,64.1176424783613
0.6100000000000001,0.7400000000000002,164,164,0,76,88,46.34146341463415,1.239338759567361,8.984805347060512,2425.2842044702757,24.252842044702756,12425.284204470276,64.1176424783613
0.6100000000000001,0.7500000000000002,164,164,0,76,88,46.34146341463415,1.239338759567361,8.984805347060512,2425.2842044702757,24.252842044702756,12425.284204470276,64.1176424783613
0.6100000000000001,0.7600000000000002,164,164,0,76,88,46.34146341463415,1.239338759567361,8.984805347060512,2425.2842044702757,24.252842044702756,12425.284204470276,64.1176424783613
0.6100000000000001,0.7700000000000002,164,164,0,76,88,46.34146341463415,1.239338759567361,8.984805347060512,2425.2842044702757,24.252842044702756,12425.284204470276,64.1176424783613
0.6100000000000001,0.7800000000000002,164,164,0,76,88,46.34146341463415,1.239338759567361,8.984805347060512,2425.2842044702757,24.252842044702756,12425.284204470276,64.1176424783613
0.6100000000000001,0.7900000000000003,164,164,0,76,88,46.34146341463415,1.239338759567361,8.984805347060512,2425.2842044702757,24.252842044702756,12425.284204470276,64.1176424783613
0.6100000000000001,0.8000000000000003,164,164,0,76,88,46.34146341463415,1.239338759567361,8.984805347060512,2425.2842044702757,24.252842044702756,12425.284204470276,64.1176424783613
0.6100000000000001,0.8100000000000003,164,164,0,76,88,46.34146341463415,1.239338759567361,8.984805347060512,2425.2842044702757,24.252842044702756,12425.284204470276,64.1176424783613
0.6100000000000001,0.8200000000000003,164,164,0,76,88,46.34146341463415,1.239338759567361,8.984805347060512,2425.2842044702757,24.252842044702756,12425.284204470276,64.1176424783613
0.6100000000000001,0.8300000000000003,164,164,0,76,88,46.34146341463415,1.239338759567361,8.984805347060512,2425.2842044702757,24.252842044702756,12425.284204470276,64.1176424783613
0.6100000000000001,0.8400000000000003,164,164,0,76,88,46.34146341463415,1.239338759567361,8.984805347060512,2425.2842044702757,24.252842044702756,12425.284204470276,64.1176424783613
0.6100000000000001,0.8500000000000003,164,164,0,76,88,46.34146341463415,1.239338759567361,8.984805347060512,2425.2842044702757,24.252842044702756,12425.284204470276,64.1176424783613
0.8000000000000003,0.6600000000000001,91,91,0,42,49,46.15384615384615,1.2403125045529704,7.725530557208008,1233.3313765011808,12.333313765011807,11233.33137650118,63.56779017623224
0.8000000000000003,0.6700000000000002,91,91,0,42,49,46.15384615384615,1.2403125045529704,7.725530557208008,1233.3313765011808,12.333313765011807,11233.33137650118,63.56779017623224
0.8000000000000003,0.6800000000000002,91,91,0,42,49,46.15384615384615,1.2403125045529704,7.725530557208008,1233.3313765011808,12.333313765011807,11233.33137650118,63.56779017623224
0.8000000000000003,0.6900000000000002,91,91,0,42,49,46.15384615384615,1.2403125045529704,7.725530557208008,1233.3313765011808,12.333313765011807,11233.33137650118,63.56779017623224
0.8000000000000003,0.7000000000000002,91,91,0,42,49,46.15384615384615,1.2403125045529704,7.725530557208008,1233.3313765011808,12.333313765011807,11233.33137650118,63.56779017623224
0.8000000000000003,0.7100000000000002,91,91,0,42,49,46.15384615384615,1.2403125045529704,7.725530557208008,1233.3313765011808,12.333313765011807,11233.33137650118,63.56779017623224
0.8000000000000003,0.7200000000000002,91,91,0,42,49,46.15384615384615,1.2403125045529704,7.725530557208008,1233.3313765011808,12.333313765011807,11233.33137650118,63.56779017623224
0.8000000000000003,0.7300000000000002,91,91,0,42,49,46.15384615384615,1.2403125045529704,7.725530557208008,1233.3313765011808,12.333313765011807,11233.33137650118,63.56779017623224
0.8000000000000003,0.7400000000000002,91,91,0,42,49,46.15384615384615,1.2403125045529704,7.725530557208008,1233.3313765011808,12.333313765011807,11233.33137650118,63.56779017623224
0.8000000000000003,0.7500000000000002,91,91,0,42,49,46.15384615384615,1.2403125045529704,7.725530557208008,1233.3313765011808,12.333313765011807,11233.33137650118,63.56779017623224
0.8000000000000003,0.7600000000000002,91,91,0,42,49,46.15384615384615,1.2403125045529704,7.725530557208008,1233.3313765011808,12.333313765011807,11233.33137650118,63.56779017623224
0.8000000000000003,0.7700000000000002,91,91,0,42,49,46.15384615384615,1.2403125045529704,7.725530557208008,1233.3313765011808,12.333313765011807,11233.33137650118,63.56779017623224
0.8000000000000003,0.7800000000000002,91,91,0,42,49,46.15384615384615,1.2403125045529704,7.725530557208008,1233.3313765011808,12.333313765011807,11233.33137650118,63.56779017623224
0.8000000000000003,0.7900000000000003,91,91,0,42,49,46.15384615384615,1.2403125045529704,7.725530557208008,1233.3313765011808,12.333313765011807,11233.33137650118,63.56779017623224
0.8000000000000003,0.8000000000000003,91,91,0,42,49,46.15384615384615,1.2403125045529704,7.725530557208008,1233.3313765011808,12.333313765011807,11233.33137650118,63.56779017623224
0.8000000000000003,0.8100000000000003,91,91,0,42,49,46.15384615384615,1.2403125045529704,7.725530557208008,1233.3313765011808,12.333313765011807,11233.33137650118,63.56779017623224
0.8000000000000003,0.8200000000000003,91,91,0,42,49,46.15384615384615,1.2403125045529704,7.725530557208008,1233.3313765011808,12.333313765011807,11233.33137650118,63.56779017623224
0.8000000000000003,0.8300000000000003,91,91,0,42,49,46.15384615384615,1.2403125045529704,7.725530557208008,1233.3313765011808,12.333313765011807,11233.33137650118,63.56779017623224
0.8000000000000003,0.8400000000000003,91,91,0,42,49,46.15384615384615,1.2403125045529704,7.725530557208008,1233.3313765011808,12.333313765011807,11233.33137650118,63.56779017623224
0.8000000000000003,0.8500000000000003,91,91,0,42,49,46.15384615384615,1.2403125045529704,7.725530557208008,1233.3313765011808,12.333313765011807,11233.33137650118,63.56779017623224
0.6300000000000001,0.6600000000000001,152,152,0,72,80,47.368421052631575,1.2827785793984534,11.772589206026316,2707.0676627202156,27.070676627202158,12707.067662720216,62.750605218654876
0.6300000000000001,0.6700000000000002,152,152,0,72,80,47.368421052631575,1.2827785793984534,11.772589206026316,2707.0676627202156,27.070676627202158,12707.067662720216,62.750605218654876
0.6300000000000001,0.6800000000000002,152,152,0,72,80,47.368421052631575,1.2827785793984534,11.772589206026316,2707.0676627202156,27.070676627202158,12707.067662720216,62.750605218654876
0.6300000000000001,0.6900000000000002,152,152,0,72,80,47.368421052631575,1.2827785793984534,11.772589206026316,2707.0676627202156,27.070676627202158,12707.067662720216,62.750605218654876
0.6300000000000001,0.7000000000000002,152,152,0,72,80,47.368421052631575,1.2827785793984534,11.772589206026316,2707.0676627202156,27.070676627202158,12707.067662720216,62.750605218654876
0.6300000000000001,0.7100000000000002,152,152,0,72,80,47.368421052631575,1.2827785793984534,11.772589206026316,2707.0676627202156,27.070676627202158,12707.067662720216,62.750605218654876
0.6300000000000001,0.7200000000000002,152,152,0,72,80,47.368421052631575,1.2827785793984534,11.772589206026316,2707.0676627202156,27.070676627202158,12707.067662720216,62.750605218654876
0.6300000000000001,0.7300000000000002,152,152,0,72,80,47.368421052631575,1.2827785793984534,11.772589206026316,2707.0676627202156,27.070676627202158,12707.067662720216,62.750605218654876
0.6300000000000001,0.7400000000000002,152,152,0,72,80,47.368421052631575,1.2827785793984534,11.772589206026316,2707.0676627202156,27.070676627202158,12707.067662720216,62.750605218654876
0.6300000000000001,0.7500000000000002,152,152,0,72,80,47.368421052631575,1.2827785793984534,11.772589206026316,2707.0676627202156,27.070676627202158,12707.067662720216,62.750605218654876
0.6300000000000001,0.7600000000000002,152,152,0,72,80,47.368421052631575,1.2827785793984534,11.772589206026316,2707.0676627202156,27.070676627202158,12707.067662720216,62.750605218654876
0.6300000000000001,0.7700000000000002,152,152,0,72,80,47.368421052631575,1.2827785793984534,11.772589206026316,2707.0676627202156,27.070676627202158,12707.067662720216,62.750605218654876
0.6300000000000001,0.7800000000000002,152,152,0,72,80,47.368421052631575,1.2827785793984534,11.772589206026316,2707.0676627202156,27.070676627202158,12707.067662720216,62.750605218654876
0.6300000000000001,0.7900000000000003,152,152,0,72,80,47.368421052631575,1.2827785793984534,11.772589206026316,2707.0676627202156,27.070676627202158,12707.067662720216,62.750605218654876
0.6300000000000001,0.8000000000000003,152,152,0,72,80,47.368421052631575,1.2827785793984534,11.772589206026316,2707.0676627202156,27.070676627202158,12707.067662720216,62.750605218654876
0.6300000000000001,0.8100000000000003,152,152,0,72,80,47.368421052631575,1.2827785793984534,11.772589206026316,2707.0676627202156,27.070676627202158,12707.067662720216,62.750605218654876
0.6300000000000001,0.8200000000000003,152,152,0,72,80,47.368421052631575,1.2827785793984534,11.772589206026316,2707.0676627202156,27.070676627202158,12707.067662720216,62.750605218654876
0.6300000000000001,0.8300000000000003,152,152,0,72,80,47.368421052631575,1.2827785793984534,11.772589206026316,2707.0676627202156,27.070676627202158,12707.067662720216,62.750605218654876
0.6300000000000001,0.8400000000000003,152,152,0,72,80,47.368421052631575,1.2827785793984534,11.772589206026316,2707.0676627202156,27.070676627202158,12707.067662720216,62.750605218654876
0.6300000000000001,0.8500000000000003,152,152,0,72,80,47.368421052631575,1.2827785793984534,11.772589206026316,2707.0676627202156,27.070676627202158,12707.067662720216,62.750605218654876
0.6500000000000001,0.6600000000000001,140,140,0,66,74,47.14285714285714,1.2654910225147495,16.565675463267397,2372.715505103204,23.727155051032042,12372.715505103204,54.08798728732386
0.6500000000000001,0.6700000000000002,140,140,0,66,74,47.14285714285714,1.2654910225147495,16.565675463267397,2372.715505103204,23.727155051032042,12372.715505103204,54.08798728732386
0.6500000000000001,0.6800000000000002,140,140,0,66,74,47.14285714285714,1.2654910225147495,16.565675463267397,2372.715505103204,23.727155051032042,12372.715505103204,54.08798728732386
0.6500000000000001,0.6900000000000002,140,140,0,66,74,47.14285714285714,1.2654910225147495,16.565675463267397,2372.715505103204,23.727155051032042,12372.715505103204,54.08798728732386
0.6500000000000001,0.7000000000000002,140,140,0,66,74,47.14285714285714,1.2654910225147495,16.565675463267397,2372.715505103204,23.727155051032042,12372.715505103204,54.08798728732386
0.6500000000000001,0.7100000000000002,140,140,0,66,74,47.14285714285714,1.2654910225147495,16.565675463267397,2372.715505103204,23.727155051032042,12372.715505103204,54.08798728732386
0.6500000000000001,0.7200000000000002,140,140,0,66,74,47.14285714285714,1.2654910225147495,16.565675463267397,2372.715505103204,23.727155051032042,12372.715505103204,54.08798728732386
0.6500000000000001,0.7300000000000002,140,140,0,66,74,47.14285714285714,1.2654910225147495,16.565675463267397,2372.715505103204,23.727155051032042,12372.715505103204,54.08798728732386
0.6500000000000001,0.7400000000000002,140,140,0,66,74,47.14285714285714,1.2654910225147495,16.565675463267397,2372.715505103204,23.727155051032042,12372.715505103204,54.08798728732386
0.6500000000000001,0.7500000000000002,140,140,0,66,74,47.14285714285714,1.2654910225147495,16.565675463267397,2372.715505103204,23.727155051032042,12372.715505103204,54.08798728732386
0.6500000000000001,0.7600000000000002,140,140,0,66,74,47.14285714285714,1.2654910225147495,16.565675463267397,2372.715505103204,23.727155051032042,12372.715505103204,54.08798728732386
0.6500000000000001,0.7700000000000002,140,140,0,66,74,47.14285714285714,1.2654910225147495,16.565675463267397,2372.715505103204,23.727155051032042,12372.715505103204,54.08798728732386
0.6500000000000001,0.7800000000000002,140,140,0,66,74,47.14285714285714,1.2654910225147495,16.565675463267397,2372.715505103204,23.727155051032042,12372.715505103204,54.08798728732386
0.6500000000000001,0.7900000000000003,140,140,0,66,74,47.14285714285714,1.2654910225147495,16.565675463267397,2372.715505103204,23.727155051032042,12372.715505103204,54.08798728732386
0.6500000000000001,0.8000000000000003,140,140,0,66,74,47.14285714285714,1.2654910225147495,16.565675463267397,2372.715505103204,23.727155051032042,12372.715505103204,54.08798728732386
0.6500000000000001,0.8100000000000003,140,140,0,66,74,47.14285714285714,1.2654910225147495,16.565675463267397,2372.715505103204,23.727155051032042,12372.715505103204,54.08798728732386
0.6500000000000001,0.8200000000000003,140,140,0,66,74,47.14285714285714,1.2654910225147495,16.565675463267397,2372.715505103204,23.727155051032042,12372.715505103204,54.08798728732386
0.6500000000000001,0.8300000000000003,140,140,0,66,74,47.14285714285714,1.2654910225147495,16.565675463267397,2372.715505103204,23.727155051032042,12372.715505103204,54.08798728732386
0.6500000000000001,0.8400000000000003,140,140,0,66,74,47.14285714285714,1.2654910225147495,16.565675463267397,2372.715505103204,23.727155051032042,12372.715505103204,54.08798728732386
0.6500000000000001,0.8500000000000003,140,140,0,66,74,47.14285714285714,1.2654910225147495,16.565675463267397,2372.715505103204,23.727155051032042,12372.715505103204,54.08798728732386
